{"type":"FeatureCollection","attribution":"JCTSL-PTAL (github.com/SoniAnmol/JCTSL-PTAL)","features":[{"type":"Feature","properties":{"route":"1"},"geometry":{"type":"LineString","coordinates":[[75.75181,26.90241],[75.78223,26.89335],[75.80512,26.88624],[75.81866,26.92445],[75.83287,26.94463],[75.83878,26.95567],[75.8259,26.93769],[75.81527,26.9085],[75.79897,26.87963],[75.79411,26.85087],[75.8145,26.89911],[75.82887,26.92359],[75.84568,26.96199],[75.84472,26.96071],[75.82948,26.94047],[75.81356,26.93269],[75.79923,26.94377],[75.78198,26.97757],[75.78123,26.97764],[75.79915,26.94394],[75.81338,26.93268],[75.82882,26.94059],[75.84317,26.95967],[75.83361,26.93572],[75.82193,26.90495],[75.79739,26.87241],[75.79411,26.83878],[75.78769,26.86689],[75.78757,26.90577],[75.82,26.91613],[75.80245,26.88686],[75.79397,26.83295],[75.81706,26.78959],[75.78838,26.81856],[75.75858,26.85634],[75.73385,26.89525],[75.73785,26.88761],[75.76273,26.85039],[75.78697,26.81564],[75.79689,26.86938],[75.81362,26.90198],[75.82303,26.93474],[75.83347,26.94124],[75.83306,26.91422],[75.8485,26.91955],[75.85721,26.89883],[75.81532,26.89898],[75.80251,26.88649],[75.82571,26.85016],[75.84973,26.83081],[75.81874,26.81419],[75.80024,26.80712],[75.79637,26.86562],[75.80958,26.89602],[75.81513,26.90755],[75.79739,26.87335],[75.80294,26.81519],[75.79713,26.87124],[75.79082,26.91388],[75.7783,26.95042],[75.77053,26.99774],[75.76563,27.00634],[75.7895,26.96383],[75.80482,26.93294],[75.82712,26.91964],[75.86624,26.89272],[75.90219,26.876],[75.88626,26.84864],[75.85054,26.8355],[75.82376,26.81584],[75.80127,26.81328],[75.79918,26.88019],[75.80502,26.90647],[75.82064,26.91689],[75.87413,26.89627],[75.83685,26.90266],[75.80529,26.891],[75.79082,26.91388],[75.7783,26.95042],[75.7835,26.97239],[75.77793,26.95656],[75.78498,26.92519],[75.79609,26.88228],[75.79555,26.82152],[75.81214,26.80586],[75.79515,26.85719],[75.79728,26.87243],[75.81892,26.84469],[75.854,26.84406],[75.87348,26.8725],[75.88968,26.8885],[75.87036,26.90623],[75.82466,26.92136],[75.79339,26.93511],[75.76195,26.97451],[75.77578,26.96858],[75.76495,26.91963],[75.76819,26.91646],[75.76365,26.94662],[75.75092,26.98467],[75.77022,26.97686],[75.79438,26.95324],[75.8077,26.92953],[75.80979,26.91954],[75.8012,26.93992],[75.77723,26.97891],[75.75343,27.01398],[75.76795,27.00632],[75.77596,26.95374],[75.78621,26.92244],[75.80563,26.89606],[75.77007,26.91559],[75.75919,26.93883],[75.77828,26.96124],[75.77146,26.9511],[75.74371,26.91369],[75.74524,26.92323],[75.7912,26.94091],[75.77645,26.96449],[75.76316,26.98328],[75.77041,26.96901],[75.80036,26.94154],[75.81842,26.92438],[75.84192,26.9065],[75.87756,26.89046],[75.83306,26.91422],[75.80852,26.92887],[75.7949,26.95226],[75.78889,26.96592],[75.80459,26.93722],[75.82059,26.93343],[75.83779,26.94932],[75.82501,26.93732],[75.80749,26.93321],[75.76441,26.94549],[75.76982,26.94115],[75.8183,26.92441],[75.84117,26.90694],[75.82665,26.91496],[75.80778,26.92331],[75.80036,26.94154],[75.7772,26.98145],[75.7772,26.97964],[75.8007,26.94085],[75.81506,26.933],[75.83106,26.94299],[75.84545,26.96184],[75.84543,26.96182],[75.83309,26.93408],[75.82064,26.90165],[75.7971,26.87097],[75.7856,26.82038],[75.79408,26.83905],[75.78434,26.86788],[75.74612,26.89389],[75.74148,26.91594],[75.76332,26.94532],[75.76482,26.99223],[75.77299,26.95768],[75.78474,26.93012],[75.79556,26.88435],[75.7807,26.87125],[75.74245,26.89883],[75.73853,26.91111],[75.77418,26.91575],[75.81162,26.93146],[75.82629,26.93766],[75.83326,26.94491],[75.81614,26.93353],[75.79492,26.93465],[75.77374,26.94009],[75.81001,26.91936],[75.83352,26.90947],[75.87698,26.88602],[75.89052,26.87581],[75.87071,26.85558],[75.84963,26.83013],[75.81317,26.80513],[75.78847,26.81004],[75.79628,26.8649],[75.81384,26.90398],[75.78834,26.92944],[75.79716,26.92129],[75.77877,26.94548],[75.77155,26.95773],[75.79609,26.93453],[75.81884,26.93401],[75.82705,26.92282],[75.81387,26.89922],[75.79364,26.8407],[75.79515,26.85719],[75.80854,26.89476],[75.82059,26.93343],[75.81669,26.93367],[75.8039,26.92391],[75.82532,26.91523],[75.81649,26.91691],[75.78844,26.91991],[75.82657,26.92311],[75.78072,26.91655],[75.74656,26.92278],[75.78007,26.9195],[75.80039,26.89209]]}},{"type":"Feature","properties":{"route":"10B"},"geometry":{"type":"LineString","coordinates":[[75.74669,26.94381],[75.75122,26.94313],[75.75652,26.94322],[75.76073,26.94251],[75.77756,26.93981],[75.78692,26.93872],[75.7925,26.9356],[75.79726,26.93294],[75.80769,26.92704],[75.80327,26.92924],[75.7959,26.93146],[75.78496,26.93284],[75.78498,26.92519],[75.78831,26.91979],[75.79064,26.91183],[75.79202,26.89732],[75.79384,26.89006],[75.79524,26.88544],[75.79674,26.88058],[75.79737,26.87318],[75.79679,26.86773],[75.79495,26.85484],[75.79322,26.85004],[75.78776,26.85459],[75.78599,26.85571],[75.78695,26.86463],[75.78857,26.8734],[75.79335,26.87354],[75.79516,26.87535],[75.79836,26.87675],[75.79914,26.87971],[75.80257,26.88681],[75.799,26.87934],[75.8019,26.88553],[75.80604,26.89164],[75.81215,26.89918],[75.81598,26.89892],[75.81974,26.90036],[75.82412,26.90373],[75.82631,26.90749],[75.83262,26.91275],[75.82936,26.90866],[75.82539,26.90506],[75.82238,26.90131],[75.81819,26.89932],[75.8142,26.89915],[75.80866,26.89471],[75.80257,26.88681],[75.799,26.87934],[75.79688,26.8684],[75.79691,26.86863],[75.79759,26.87554],[75.79609,26.88228],[75.79499,26.88627],[75.79421,26.89109],[75.79351,26.8965],[75.79327,26.90314],[75.79445,26.90853],[75.79914,26.91401],[75.80172,26.91779],[75.80094,26.917],[75.79506,26.91992],[75.78542,26.91708],[75.77504,26.91583],[75.77743,26.91491],[75.77829,26.91185],[75.78163,26.90984],[75.78507,26.90509],[75.79772,26.90004],[75.80423,26.89671],[75.81385,26.89239],[75.80604,26.89164],[75.8019,26.88553],[75.79734,26.87203],[75.7965,26.86566],[75.79475,26.85276],[75.79482,26.85325],[75.79661,26.86644],[75.79739,26.87241],[75.79697,26.87978],[75.79544,26.88477],[75.7939,26.88988],[75.79296,26.89534],[75.79056,26.91057],[75.78904,26.91912],[75.78501,26.92349],[75.78306,26.93027],[75.77992,26.93438],[75.77185,26.93937],[75.7678,26.94187],[75.76017,26.94267],[75.7557,26.94311],[75.74987,26.94325],[75.74509,26.94413],[75.74682,26.94379],[75.75247,26.94304],[75.75732,26.94329],[75.76212,26.94279],[75.77185,26.93937],[75.77992,26.93438],[75.78306,26.93027],[75.78708,26.92748],[75.7934,26.92387],[75.79479,26.92],[75.7951,26.91534],[75.797,26.91329],[75.79467,26.90888],[75.7936,26.90415],[75.79772,26.90004],[75.80433,26.89618],[75.80631,26.89217],[75.80796,26.89391],[75.81239,26.89974],[75.80909,26.90602],[75.80066,26.90958],[75.79494,26.91193],[75.79082,26.91388],[75.78678,26.92108],[75.78431,26.92905],[75.78109,26.93126],[75.77327,26.93773],[75.7707,26.94074],[75.76982,26.94115],[75.78782,26.93866],[75.79431,26.93453],[75.79723,26.93303],[75.80377,26.92896],[75.80943,26.92639],[75.80979,26.91954],[75.80989,26.91625],[75.80929,26.91998],[75.80846,26.92649],[75.80175,26.93044],[75.79681,26.93322],[75.79407,26.93469],[75.78782,26.93866],[75.79431,26.93453],[75.79723,26.93303],[75.80377,26.92896],[75.80049,26.93129],[75.79799,26.9279],[75.79748,26.92448],[75.79701,26.92155],[75.79741,26.92402],[75.79827,26.92742],[75.80015,26.92965],[75.80091,26.93107],[75.79427,26.93445],[75.78885,26.93794],[75.78139,26.93969],[75.76279,26.94274],[75.7579,26.94327],[75.7547,26.94259],[75.75066,26.94084],[75.74682,26.94089],[75.74314,26.94059],[75.74651,26.94089],[75.75,26.94086],[75.75415,26.9423],[75.75747,26.94327],[75.76238,26.94278],[75.77295,26.93922],[75.78166,26.93379],[75.78308,26.9296],[75.78503,26.92343],[75.78923,26.91897],[75.79051,26.90955],[75.79336,26.90342],[75.80013,26.89888],[75.80776,26.89523],[75.81198,26.89918],[75.8113,26.90512],[75.80425,26.91114],[75.80211,26.91438],[75.80151,26.91826],[75.79987,26.92247],[75.79706,26.9194],[75.7944,26.91559],[75.78444,26.91087],[75.77702,26.90598],[75.77626,26.905],[75.78305,26.91029],[75.79446,26.9147],[75.79528,26.91986],[75.7935,26.92341],[75.79351,26.93031],[75.79401,26.93462],[75.80049,26.93129],[75.80845,26.92694],[75.81695,26.92491],[75.82001,26.92246],[75.82539,26.92118],[75.82889,26.91925],[75.83249,26.91626],[75.83455,26.91266],[75.84103,26.90691],[75.84111,26.90686],[75.83472,26.9125],[75.83324,26.91498],[75.82999,26.91898],[75.82552,26.92115],[75.82087,26.92227],[75.81813,26.92464],[75.80854,26.92693],[75.80142,26.9307],[75.79563,26.93373],[75.79382,26.93484],[75.79351,26.93031],[75.7935,26.92341],[75.79188,26.91866],[75.79099,26.91649],[75.79051,26.90955],[75.79246,26.89468],[75.79454,26.88957],[75.79826,26.88039],[75.79962,26.88096],[75.80445,26.88982],[75.81051,26.89698],[75.81532,26.89898],[75.81699,26.89894]]}},{"type":"Feature","properties":{"route":"11"},"geometry":{"type":"LineString","coordinates":[[75.8067,26.88674],[75.80251,26.88649],[75.79749,26.87345],[75.79695,26.8698],[75.79538,26.85863],[75.79386,26.84976],[75.79209,26.84441],[75.79209,26.84441],[75.79369,26.83905],[75.79408,26.83137],[75.79297,26.82814],[75.79504,26.82334],[75.8013,26.81305],[75.80586,26.80697],[75.8098,26.80172],[75.8144,26.79566],[75.81706,26.78959],[75.81665,26.79181],[75.81329,26.79714],[75.80837,26.80364],[75.80377,26.80977],[75.80016,26.81481],[75.79418,26.82961],[75.79411,26.83878],[75.79357,26.84268],[75.79642,26.86596],[75.79713,26.87124],[75.79918,26.88019],[75.79647,26.88348],[75.79583,26.88563],[75.79826,26.88039],[75.79722,26.87201],[75.7965,26.8666],[75.79478,26.85468],[75.79369,26.83905],[75.79408,26.83137],[75.79941,26.81584],[75.80298,26.81081],[75.80219,26.80771],[75.79996,26.80753],[75.80226,26.80775],[75.80306,26.81083],[75.80421,26.81526],[75.80553,26.81366],[75.80544,26.81114],[75.80865,26.80994],[75.80754,26.81047],[75.80381,26.81097],[75.7998,26.81531],[75.79414,26.83037],[75.79401,26.83249],[75.79916,26.81619],[75.80306,26.81083],[75.80687,26.80671],[75.81075,26.80625],[75.81246,26.80469],[75.81497,26.80211],[75.81217,26.80495],[75.8099,26.8065],[75.80592,26.80725],[75.80164,26.81275],[75.79456,26.82566],[75.79389,26.83609],[75.79364,26.8407],[75.79538,26.85863],[75.79695,26.8698],[75.7975,26.8749],[75.79535,26.87644],[75.79298,26.8781],[75.79555,26.8764],[75.79739,26.87335],[75.79688,26.8684],[75.79626,26.86362],[75.80037,26.86192],[75.8088,26.85455],[75.81264,26.84962],[75.81697,26.84692],[75.82036,26.84528],[75.8247,26.85068],[75.82388,26.85719],[75.82207,26.86931],[75.81892,26.88192],[75.81266,26.88494],[75.81464,26.89303],[75.81524,26.89899],[75.81394,26.90263],[75.80841,26.90631],[75.81041,26.90547],[75.81239,26.89974],[75.8101,26.89407],[75.80131,26.89811],[75.79595,26.90085],[75.79378,26.90495],[75.79056,26.91057],[75.78923,26.91897],[75.78589,26.92269],[75.7835,26.92919],[75.78121,26.93174],[75.77327,26.93773],[75.77053,26.94023],[75.76108,26.94333],[75.75917,26.94418],[75.75706,26.95036],[75.74791,26.95388],[75.7455,26.95869],[75.74352,26.95423],[75.74032,26.95106],[75.73872,26.94762],[75.73753,26.94513],[75.73694,26.94191],[75.73626,26.93342],[75.73547,26.9259],[75.7362,26.91952],[75.73769,26.91465],[75.73798,26.91442],[75.73826,26.91344],[75.73846,26.91065],[75.73859,26.90619],[75.73889,26.90234],[75.73908,26.8968],[75.73986,26.8927],[75.74195,26.89111],[75.74501,26.88623],[75.74726,26.8832],[75.74822,26.87935],[75.74943,26.87245],[75.75271,26.86575],[75.75543,26.86028],[75.75879,26.85615],[75.76273,26.85039],[75.76471,26.84607],[75.76869,26.83734],[75.77515,26.82876],[75.78585,26.82309],[75.78628,26.82345],[75.7856,26.82038],[75.79081,26.81977],[75.79462,26.82499],[75.79397,26.83295],[75.79367,26.83961],[75.79352,26.84528],[75.79433,26.85083],[75.79818,26.85521],[75.7992,26.85796],[75.79606,26.86205],[75.79441,26.86383],[75.79543,26.85938],[75.79364,26.8408],[75.79389,26.83617],[75.79422,26.82877],[75.79105,26.82379],[75.78913,26.81698],[75.78854,26.81199],[75.78903,26.80653],[75.79087,26.80119],[75.79071,26.79392],[75.78994,26.80353],[75.78847,26.81004],[75.789,26.81422],[75.7908,26.81865],[75.79348,26.82509],[75.79401,26.83249],[75.79369,26.83912],[75.79499,26.85608],[75.79666,26.8677],[75.79728,26.87243],[75.80175,26.8852],[75.80445,26.88982],[75.80924,26.89543],[75.81346,26.90125],[75.8125,26.89966],[75.80717,26.89298],[75.80253,26.88673],[75.799,26.87934],[75.7971,26.87097],[75.79637,26.86562],[75.79363,26.84093],[75.79386,26.83853],[75.79419,26.82948],[75.79966,26.82141],[75.79422,26.82877],[75.79389,26.83617],[75.79364,26.8408],[75.79628,26.8649],[75.79701,26.87018],[75.79888,26.87938],[75.80057,26.8832],[75.80239,26.88676],[75.80515,26.89083],[75.80803,26.89419],[75.81231,26.89964],[75.81458,26.90504],[75.81198,26.91316],[75.81027,26.91624],[75.80664,26.91665],[75.80445,26.91701],[75.80105,26.91792],[75.79479,26.92],[75.78528,26.91714],[75.78092,26.91827],[75.78041,26.91936],[75.78527,26.91706],[75.7882,26.91137],[75.79031,26.90377],[75.79352,26.89451],[75.79834,26.89304],[75.80039,26.89209]]}},{"type":"Feature","properties":{"route":"15"},"geometry":{"type":"LineString","coordinates":[[75.76171,27.0131],[75.76188,27.01029],[75.76359,27.00806],[75.76528,27.00667],[75.7672,27.00633],[75.77019,27.00345],[75.77045,26.99807],[75.7715,26.99421],[75.77299,26.98752],[75.7772,26.98145],[75.77742,26.9739],[75.78187,26.9694],[75.78471,26.96791],[75.7895,26.96383],[75.79004,26.96276],[75.7911,26.95921],[75.79556,26.951],[75.79812,26.94604],[75.79923,26.94377],[75.8012,26.93992],[75.80209,26.93824],[75.80308,26.93619],[75.80382,26.93426],[75.80506,26.93258],[75.80608,26.93177],[75.80742,26.92989],[75.80905,26.92727],[75.8078,26.92578],[75.808,26.92418],[75.80806,26.92447],[75.80803,26.92612],[75.80909,26.92743],[75.80748,26.93029],[75.80596,26.93201],[75.80487,26.93286],[75.80379,26.93435],[75.80303,26.9363],[75.8023,26.93848],[75.8007,26.94085],[75.79915,26.94394],[75.79797,26.9463],[75.7949,26.95226],[75.79103,26.9595],[75.78975,26.96272],[75.78941,26.96401],[75.78585,26.9675],[75.78281,26.97048],[75.78269,26.97427],[75.78312,26.97603],[75.78085,26.97415],[75.77738,26.97146],[75.77105,26.97088],[75.76831,26.97079],[75.76545,26.97029],[75.761,26.97027],[75.75757,26.97018],[75.75677,26.96716],[75.76081,26.95469],[75.76029,26.95451],[75.75663,26.9666],[75.75749,26.97015],[75.75978,26.97359],[75.76173,26.97452],[75.76313,26.97451],[75.76428,26.97453],[75.7665,26.97453],[75.76868,26.97458],[75.77208,26.97459],[75.77326,26.97756],[75.7772,26.97964],[75.77405,26.98287],[75.77156,26.9823],[75.77024,26.98241],[75.76903,26.98256],[75.76681,26.98306],[75.76368,26.98283],[75.75985,26.98514],[75.75621,26.98603],[75.75425,26.98635],[75.75262,26.98749],[75.75241,26.98856],[75.75163,26.99081],[75.75093,26.99213],[75.75118,26.99381],[75.75199,26.99601],[75.75304,26.99842],[75.754,27.00184],[75.7557,27.0028],[75.75689,27.00654],[75.75782,27.01167],[75.75247,27.01465],[75.7496,27.01542],[75.74125,27.01426],[75.74942,27.01573],[75.752,27.0147],[75.75417,27.01365],[75.76188,27.01029],[75.76359,27.00806],[75.76528,27.00667],[75.7672,27.00633],[75.77019,27.00345],[75.77045,26.99807],[75.7715,26.99421],[75.77299,26.98752],[75.77422,26.98032],[75.7724,26.97085],[75.77157,26.96051],[75.77151,26.95434],[75.77406,26.94716],[75.77622,26.94708],[75.77561,26.95047],[75.77596,26.95265],[75.77592,26.95492],[75.7767,26.95713],[75.77792,26.95962],[75.77868,26.96192],[75.77668,26.96534],[75.77764,26.96699],[75.78066,26.96745],[75.78033,26.96514],[75.78124,26.9639],[75.78305,26.96149],[75.78461,26.96036],[75.78363,26.95865],[75.78369,26.95721],[75.78323,26.9556],[75.78392,26.9527],[75.78839,26.94979],[75.78879,26.94375],[75.79059,26.9406],[75.791,26.94081],[75.78897,26.94328],[75.78884,26.94951],[75.78395,26.95268],[75.78299,26.95476],[75.78359,26.95681],[75.78361,26.95862],[75.78116,26.95987],[75.77856,26.96111],[75.77645,26.96449],[75.77238,26.96638],[75.77158,26.96818],[75.77018,26.97076],[75.76995,26.973],[75.77006,26.97577],[75.76996,26.97749],[75.76952,26.97914],[75.76683,26.98014],[75.76469,26.98197],[75.76145,26.98475],[75.76259,26.9883],[75.76684,26.98704],[75.76766,26.98558],[75.76844,26.98347],[75.76901,26.98132],[75.77022,26.97995],[75.77243,26.97956],[75.77383,26.97923],[75.77388,26.97657],[75.77399,26.97738],[75.77375,26.98472],[75.77104,26.99663],[75.77063,27.00492],[75.76975,27.00966],[75.76955,27.01604],[75.76941,27.01193],[75.77073,27.00632],[75.77034,27.00359],[75.7688,26.9974],[75.76674,26.996],[75.76853,26.9972],[75.77062,26.99733],[75.77198,26.99249],[75.77316,26.98694],[75.77723,26.97891],[75.77748,26.97152],[75.78327,26.96861],[75.78889,26.96592],[75.78957,26.96354],[75.79059,26.96013],[75.79124,26.95814],[75.79454,26.95274],[75.79802,26.94602],[75.79918,26.94369],[75.80097,26.93873],[75.79965,26.9374],[75.79673,26.93514],[75.79609,26.93453],[75.79492,26.93465],[75.79339,26.93511],[75.78782,26.93866],[75.78419,26.94096],[75.77759,26.93998],[75.77756,26.9418],[75.77705,26.94429],[75.77724,26.9469],[75.77777,26.95227],[75.77775,26.95651],[75.77643,26.95821],[75.77612,26.95982],[75.77433,26.96128],[75.77266,26.96126],[75.77155,26.95773],[75.77146,26.9511],[75.77374,26.94009],[75.77185,26.93937],[75.7707,26.94074],[75.78108,26.93959],[75.78666,26.93875],[75.78953,26.9375],[75.7934,26.93502],[75.79607,26.93345],[75.80166,26.9304],[75.8023,26.92809]]}},{"type":"Feature","properties":{"route":"16"},"geometry":{"type":"LineString","coordinates":[[75.8067,26.88674],[75.80251,26.88649],[75.79749,26.87345],[75.79695,26.8698],[75.79538,26.85863],[75.79386,26.84976],[75.79209,26.84441],[75.79209,26.84441],[75.79369,26.83905],[75.79408,26.83137],[75.79297,26.82814],[75.79504,26.82334],[75.8013,26.81305],[75.80586,26.80697],[75.8098,26.80172],[75.8144,26.79566],[75.81706,26.78959],[75.81665,26.79181],[75.81329,26.79714],[75.80837,26.80364],[75.80377,26.80977],[75.80016,26.81481],[75.79418,26.82961],[75.79411,26.83878],[75.79357,26.84268],[75.79642,26.86596],[75.79713,26.87124],[75.79918,26.88019],[75.79647,26.88348],[75.79583,26.88563],[75.79826,26.88039],[75.79722,26.87201],[75.7965,26.8666],[75.79478,26.85468],[75.79369,26.83905],[75.79408,26.83137],[75.79941,26.81584],[75.80298,26.81081],[75.80219,26.80771],[75.79996,26.80753],[75.80226,26.80775],[75.80306,26.81083],[75.80421,26.81526],[75.80553,26.81366],[75.80544,26.81114],[75.80865,26.80994],[75.80754,26.81047],[75.80381,26.81097],[75.7998,26.81531],[75.79414,26.83037],[75.79401,26.83249],[75.79916,26.81619],[75.80306,26.81083],[75.80687,26.80671],[75.81075,26.80625],[75.81246,26.80469],[75.81497,26.80211],[75.81217,26.80495],[75.8099,26.8065],[75.80592,26.80725],[75.80164,26.81275],[75.79456,26.82566],[75.79389,26.83609],[75.79364,26.8407],[75.79538,26.85863],[75.79695,26.8698],[75.7975,26.8749],[75.79535,26.87644],[75.79298,26.8781],[75.79555,26.8764],[75.79739,26.87335],[75.79688,26.8684],[75.79626,26.86362],[75.80037,26.86192],[75.8088,26.85455],[75.81264,26.84962],[75.81697,26.84692],[75.82036,26.84528],[75.8247,26.85068],[75.82388,26.85719],[75.82207,26.86931],[75.81892,26.88192],[75.81266,26.88494],[75.81464,26.89303],[75.81524,26.89899],[75.81394,26.90263],[75.80841,26.90631],[75.81041,26.90547],[75.81239,26.89974],[75.8101,26.89407],[75.80131,26.89811],[75.79595,26.90085],[75.79378,26.90495],[75.79056,26.91057],[75.78923,26.91897],[75.78589,26.92269],[75.7835,26.92919],[75.78121,26.93174],[75.77327,26.93773],[75.77053,26.94023],[75.76108,26.94333],[75.75917,26.94418],[75.75706,26.95036],[75.74791,26.95388],[75.7455,26.95869],[75.74352,26.95423],[75.74032,26.95106],[75.73872,26.94762],[75.73753,26.94513],[75.73694,26.94191],[75.73626,26.93342],[75.73547,26.9259],[75.7362,26.91952],[75.73769,26.91465],[75.73798,26.91442],[75.73826,26.91344],[75.73846,26.91065],[75.73859,26.90619],[75.73889,26.90234],[75.73908,26.8968],[75.73986,26.8927],[75.74195,26.89111],[75.74501,26.88623],[75.74726,26.8832],[75.74822,26.87935],[75.74943,26.87245],[75.75271,26.86575],[75.75543,26.86028],[75.75879,26.85615],[75.76273,26.85039],[75.76471,26.84607],[75.76869,26.83734],[75.77515,26.82876],[75.78585,26.82309],[75.78628,26.82345],[75.7856,26.82038],[75.79081,26.81977],[75.79462,26.82499],[75.79397,26.83295],[75.79367,26.83961],[75.79352,26.84528],[75.79433,26.85083],[75.79818,26.85521],[75.7992,26.85796],[75.79606,26.86205],[75.79441,26.86383],[75.79543,26.85938],[75.79364,26.8408],[75.79389,26.83617],[75.79422,26.82877],[75.79105,26.82379],[75.78913,26.81698],[75.78854,26.81199],[75.78903,26.80653],[75.79087,26.80119],[75.79071,26.79392],[75.78994,26.80353],[75.78847,26.81004],[75.789,26.81422],[75.7908,26.81865],[75.79348,26.82509],[75.79401,26.83249],[75.79369,26.83912],[75.79499,26.85608],[75.79666,26.8677],[75.79728,26.87243],[75.80175,26.8852],[75.80445,26.88982],[75.80924,26.89543],[75.81346,26.90125],[75.8125,26.89966],[75.80717,26.89298],[75.80253,26.88673],[75.799,26.87934],[75.7971,26.87097],[75.79637,26.86562],[75.79363,26.84093],[75.79386,26.83853],[75.79419,26.82948],[75.79966,26.82141],[75.79422,26.82877],[75.79389,26.83617],[75.79364,26.8408],[75.79628,26.8649],[75.79701,26.87018],[75.79888,26.87938],[75.80057,26.8832],[75.80239,26.88676],[75.80515,26.89083],[75.80803,26.89419],[75.81231,26.89964],[75.81458,26.90504],[75.81198,26.91316],[75.81027,26.91624],[75.80664,26.91665],[75.80445,26.91701],[75.80105,26.91792],[75.79479,26.92],[75.78528,26.91714],[75.78092,26.91827],[75.78041,26.91936],[75.78527,26.91706],[75.7882,26.91137],[75.79031,26.90377],[75.79352,26.89451],[75.79834,26.89304],[75.80039,26.89209]]}},{"type":"Feature","properties":{"route":"18"},"geometry":{"type":"LineString","coordinates":[[75.69753,26.87107],[75.70071,26.87221],[75.70333,26.87318],[75.7066,26.87436],[75.70876,26.8751],[75.7129,26.8768],[75.71664,26.87871],[75.73525,26.88794],[75.73703,26.88893],[75.74104,26.8909],[75.74639,26.89348],[75.75009,26.89534],[75.75492,26.89772],[75.75663,26.89846],[75.75878,26.89853],[75.76078,26.89853],[75.76827,26.89963],[75.79369,26.91436],[75.79493,26.91477],[75.79614,26.91514],[75.79866,26.91606],[75.80092,26.91691],[75.80135,26.91782],[75.80204,26.91943],[75.80392,26.92137],[75.80542,26.92274],[75.806,26.92341],[75.80721,26.92496],[75.80803,26.92612],[75.80845,26.92694],[75.80769,26.92704],[75.80387,26.92888],[75.80175,26.93044],[75.80091,26.93107],[75.79997,26.93175],[75.7971,26.93309],[75.79551,26.93378],[75.79486,26.93415],[75.79431,26.93453],[75.79382,26.93484],[75.79241,26.93575],[75.79055,26.93694],[75.78628,26.93912],[75.78515,26.94046],[75.78365,26.94082],[75.77881,26.9411],[75.77762,26.94102],[75.77674,26.9412],[75.77619,26.94098],[75.7737,26.94098],[75.77404,26.94035],[75.77374,26.94009],[75.77036,26.93967],[75.77027,26.93794],[75.76774,26.93578],[75.76612,26.93263],[75.76462,26.92934],[75.76403,26.92795],[75.76273,26.92526],[75.76227,26.92427],[75.76203,26.92356],[75.76069,26.91937],[75.75567,26.92079],[75.75339,26.91881],[75.75317,26.91516],[75.75303,26.91141],[75.75276,26.90612],[75.75251,26.90481],[75.75276,26.9029],[75.75169,26.90147],[75.7513,26.90002],[75.75104,26.89861],[75.75103,26.89765],[75.75148,26.89619],[75.75097,26.89588],[75.74104,26.8909],[75.74609,26.89334],[75.74714,26.89385],[75.75347,26.897],[75.75643,26.89842],[75.75863,26.89853],[75.76068,26.89853],[75.76702,26.89899],[75.79093,26.91345],[75.79417,26.91452],[75.79592,26.91508],[75.79819,26.91588],[75.80067,26.91683],[75.80094,26.917],[75.80021,26.91821],[75.79702,26.9193],[75.79528,26.91986],[75.79442,26.9201],[75.79268,26.92031],[75.79188,26.91866],[75.78527,26.91706],[75.77968,26.91644],[75.77723,26.91612],[75.77504,26.91583],[75.77504,26.91583],[75.77723,26.91612],[75.77968,26.91644],[75.78527,26.91706],[75.78546,26.91551],[75.78733,26.91235],[75.79396,26.91454],[75.78677,26.9132],[75.78525,26.91605],[75.78231,26.9167],[75.77878,26.91634],[75.77635,26.916],[75.77418,26.91575],[75.77301,26.91565],[75.77242,26.91555],[75.76925,26.9167],[75.76658,26.91766],[75.76405,26.91842],[75.76069,26.91937],[75.75567,26.92079],[75.75421,26.92119],[75.75434,26.92198],[75.75418,26.92298],[75.75428,26.924],[75.75387,26.92535],[75.75371,26.92644],[75.7513,26.92737],[75.75105,26.92833],[75.74905,26.92912],[75.74905,26.92912],[75.74797,26.92802],[75.74678,26.92679],[75.74595,26.92577],[75.74537,26.92394],[75.74534,26.92324],[75.74709,26.92271],[75.74851,26.9225],[75.74849,26.92054],[75.74847,26.9189],[75.74906,26.91758],[75.75005,26.91741],[75.75259,26.91695],[75.75307,26.91522],[75.75302,26.91346],[75.75294,26.91141],[75.75289,26.90982],[75.75302,26.90486],[75.75256,26.90394],[75.75184,26.90193],[75.75133,26.90011],[75.75229,26.89683],[75.75239,26.89659],[75.75373,26.89729],[75.75641,26.89861],[75.75874,26.8987],[75.76472,26.89912],[75.76469,26.9005],[75.76478,26.90214],[75.76525,26.90256],[75.76585,26.9032],[75.76624,26.9039],[75.76855,26.90509],[75.76822,26.90962],[75.76719,26.91196],[75.76665,26.91384],[75.76688,26.91504],[75.76757,26.91598],[75.76849,26.9166],[75.76706,26.9175],[75.77007,26.91559],[75.77273,26.91561],[75.77362,26.9157],[75.77606,26.91596],[75.77795,26.91623],[75.78072,26.91655],[75.78542,26.91708],[75.7919,26.91867],[75.79267,26.9205],[75.79449,26.92085],[75.79704,26.92168],[75.79995,26.92274],[75.80085,26.92502],[75.80107,26.9275],[75.80253,26.92821],[75.80387,26.92888],[75.80316,26.92942],[75.80128,26.9308],[75.80036,26.93147],[75.79723,26.93303],[75.79563,26.93373],[75.79514,26.93398],[75.79436,26.9345],[75.79407,26.93469],[75.79255,26.93566],[75.79195,26.93605],[75.78782,26.93866],[75.79215,26.93592],[75.79339,26.93511],[75.79418,26.93461],[75.79465,26.93428],[75.7954,26.93384],[75.79681,26.93322],[75.79729,26.93301],[75.80055,26.93133],[75.80142,26.9307],[75.80377,26.92896],[75.80377,26.92896],[75.80175,26.93044],[75.80387,26.92888],[75.80253,26.92821],[75.80107,26.9275],[75.80085,26.92502],[75.79995,26.92274],[75.79928,26.92228],[75.80005,26.92253],[75.80018,26.92318],[75.8003,26.92567],[75.79958,26.92682],[75.79827,26.92742],[75.79749,26.92837],[75.79634,26.93075],[75.79482,26.93095],[75.79427,26.93445],[75.79407,26.93469],[75.79339,26.93511],[75.79418,26.93461],[75.7936,26.93094],[75.79331,26.92864],[75.79306,26.92747],[75.79349,26.92651],[75.7935,26.92341],[75.79402,26.92106],[75.79423,26.92018],[75.79506,26.91992],[75.79554,26.9191],[75.795,26.91764],[75.79439,26.91616],[75.79396,26.91454],[75.75411,26.89747],[75.75319,26.89701],[75.74632,26.89358],[75.74104,26.8909],[75.74049,26.89178],[75.74119,26.89262],[75.7413,26.89386],[75.74124,26.89494],[75.7412,26.89614],[75.74188,26.89691],[75.74211,26.89768],[75.74306,26.89805],[75.74376,26.89952],[75.74394,26.90033],[75.74387,26.90191],[75.744,26.90334],[75.74384,26.90489],[75.74294,26.9055],[75.74329,26.90799],[75.74369,26.91064],[75.74382,26.9116],[75.74368,26.91409],[75.74362,26.915],[75.7436,26.91545]]}},{"type":"Feature","properties":{"route":"1A"},"geometry":{"type":"LineString","coordinates":[[75.80328,26.99327],[75.79911,26.99384],[75.79232,26.99197],[75.78394,26.98413],[75.782,26.9767],[75.78334,26.97278],[75.78464,26.96808],[75.78941,26.96401],[75.7903,26.96144],[75.79438,26.95324],[75.79797,26.9463],[75.79926,26.94372],[75.80225,26.93905],[75.80303,26.9363],[75.80399,26.93353],[75.80559,26.93219],[75.80748,26.93029],[75.80981,26.92702],[75.80991,26.92348],[75.81001,26.91936],[75.81455,26.9181],[75.81767,26.91657],[75.823,26.91548],[75.82751,26.91474],[75.83316,26.91331],[75.83884,26.90847],[75.84406,26.90382],[75.84595,26.89807],[75.8436,26.9009],[75.83931,26.90809],[75.83443,26.91268],[75.82771,26.91469],[75.82476,26.91603],[75.81951,26.91714],[75.81459,26.91829],[75.81012,26.91917],[75.80777,26.92087],[75.80756,26.92476],[75.80845,26.92694],[75.80742,26.92989],[75.80588,26.93207],[75.80437,26.93346],[75.80308,26.93619],[75.80235,26.93879],[75.79952,26.9432],[75.79812,26.94604],[75.79458,26.95286],[75.79059,26.96013],[75.7895,26.96383],[75.78478,26.96801],[75.7835,26.97239],[75.78312,26.97603],[75.77999,26.9741],[75.77228,26.97093],[75.76879,26.9708],[75.7649,26.97029],[75.75894,26.97025],[75.75701,26.96811],[75.76029,26.95451],[75.75883,26.95874],[75.75727,26.96972],[75.75978,26.97401],[75.76244,26.97451],[75.76403,26.97453],[75.76695,26.97453],[75.76934,26.97468],[75.77286,26.97663],[75.7772,26.98145],[75.77261,26.98216],[75.77069,26.9824],[75.76861,26.98263],[75.76622,26.98275],[75.76027,26.98503],[75.75603,26.98606],[75.75372,26.98662],[75.75387,26.98646],[75.75621,26.98603],[75.76141,26.98457],[75.76453,26.98187],[75.76776,26.97915],[75.76981,26.97798],[75.77006,26.97577],[75.77033,26.97218],[75.77033,26.96881],[75.77238,26.96638],[75.77151,26.95525],[75.77479,26.9472],[75.77563,26.94925],[75.77578,26.95232],[75.7761,26.95522],[75.77751,26.9585],[75.77841,26.96146],[75.77677,26.96549],[75.77855,26.96846],[75.77991,26.96534],[75.78204,26.9635],[75.78465,26.96057],[75.78383,26.95899],[75.78359,26.95681],[75.78402,26.95435],[75.78632,26.95085],[75.78897,26.94328],[75.79138,26.94101],[75.7893,26.94276],[75.78839,26.94979],[75.78382,26.95352],[75.78356,26.95671],[75.78363,26.95865],[75.77964,26.96058],[75.77807,26.96372],[75.77241,26.96654],[75.77041,26.96901],[75.77028,26.97228],[75.77011,26.97601],[75.76976,26.9782],[75.76777,26.97934],[75.76458,26.98211],[75.7627,26.98751],[75.76673,26.98737],[75.76764,26.98508],[75.76871,26.98223],[75.77024,26.98044],[75.77288,26.97955],[75.77371,26.97852],[75.77525,26.97371],[75.78187,26.9694],[75.78889,26.96592],[75.7897,26.96299],[75.7911,26.95921],[75.79718,26.94784],[75.79871,26.94483],[75.8012,26.93992],[75.80224,26.93786],[75.80374,26.9345],[75.80506,26.93258],[75.80626,26.93161],[75.80876,26.92854],[75.8078,26.92578],[75.80778,26.92331],[75.80683,26.92064],[75.80583,26.91475],[75.80259,26.91402],[75.80103,26.91702],[75.80147,26.92043],[75.80085,26.92502],[75.79827,26.92742],[75.79649,26.93173],[75.79784,26.93417],[75.79776,26.93405],[75.80055,26.93133],[75.80646,26.92744],[75.80955,26.92638],[75.80929,26.91998],[75.81404,26.9184],[75.81732,26.91762],[75.82218,26.91659],[75.82558,26.91519],[75.82677,26.91077],[75.82658,26.90982],[75.82557,26.91453],[75.8232,26.91637],[75.81797,26.91749],[75.81417,26.91836],[75.80979,26.91954],[75.8094,26.92539],[75.80652,26.92741],[75.80091,26.93107],[75.79563,26.93373],[75.79418,26.93461],[75.79055,26.93694],[75.7838,26.94088],[75.77763,26.94074],[75.77737,26.94404],[75.77725,26.94693],[75.77898,26.95572],[75.77695,26.95797],[75.77536,26.96018],[75.77364,26.96099],[75.77156,26.95894],[75.77319,26.9464],[75.77036,26.93967],[75.77053,26.94023],[75.78139,26.93969],[75.7877,26.93862],[75.7925,26.9356],[75.79706,26.93303],[75.8038,26.92884],[75.80306,26.92554],[75.80349,26.92374],[75.80512,26.92242],[75.80752,26.9209],[75.81001,26.91936],[75.81135,26.9164],[75.81588,26.91687],[75.8184,26.91645],[75.82469,26.91521],[75.8314,26.91381],[75.83447,26.91273],[75.83709,26.91031],[75.83282,26.91347],[75.82751,26.91474],[75.82193,26.91571],[75.81729,26.91665],[75.81363,26.91678],[75.80927,26.91634],[75.80612,26.91674],[75.804,26.91708],[75.80105,26.91792],[75.79506,26.91992],[75.78673,26.9175],[75.78161,26.91695],[75.77929,26.91955]]}},{"type":"Feature","properties":{"route":"23"},"geometry":{"type":"LineString","coordinates":[[75.74069,26.86646],[75.74296,26.86539],[75.74533,26.86419],[75.74917,26.8635],[75.757,26.8643],[75.76184,26.86626],[75.76445,26.86723],[75.77053,26.86681],[75.77657,26.87372],[75.7786,26.87597],[75.7812,26.87846],[75.78381,26.87971],[75.78741,26.87984],[75.79178,26.87904],[75.79563,26.87765],[75.79888,26.87938],[75.80057,26.8832],[75.80251,26.88649],[75.8067,26.88674],[75.80265,26.88656],[75.8015,26.88499],[75.79897,26.87963],[75.79571,26.87763],[75.79261,26.87878],[75.78771,26.87976],[75.78413,26.87965],[75.7816,26.8784],[75.77973,26.87562],[75.77676,26.87384],[75.77067,26.86675],[75.7659,26.86295],[75.76159,26.85908],[75.75842,26.8565],[75.75393,26.85295],[75.75393,26.85295],[75.75842,26.8565],[75.76159,26.85908],[75.7659,26.86295],[75.77067,26.86675],[75.77676,26.87384],[75.77973,26.87562],[75.7816,26.8784],[75.78413,26.87965],[75.78771,26.87976],[75.79196,26.87951],[75.79321,26.88211],[75.79629,26.88369],[75.79641,26.88586],[75.79409,26.88283],[75.79273,26.88113],[75.79081,26.8793],[75.78649,26.8774],[75.78392,26.87606],[75.78043,26.87143],[75.77845,26.86971],[75.77485,26.87094],[75.77093,26.86307],[75.76559,26.85893],[75.76801,26.86165],[75.77302,26.86478],[75.77664,26.87365],[75.7786,26.87597],[75.7812,26.87846],[75.78381,26.87971],[75.78741,26.87984],[75.79178,26.87904],[75.79125,26.87918],[75.78615,26.88018],[75.78318,26.87926],[75.78036,26.87784],[75.77781,26.87517],[75.77627,26.87344],[75.77024,26.86681],[75.76247,26.85971],[75.75836,26.85396],[75.75741,26.84873],[75.75659,26.84443],[75.75379,26.8398],[75.75652,26.84389],[75.7573,26.84814],[75.75825,26.85333],[75.76099,26.8584],[75.76712,26.86393],[75.77539,26.87237],[75.77793,26.87513],[75.78018,26.87731],[75.78292,26.8825],[75.7848,26.88549],[75.7861,26.88754],[75.78901,26.88721],[75.7912,26.88818],[75.7939,26.88988],[75.7957,26.8916],[75.7987,26.89443],[75.80091,26.89872],[75.80649,26.90663],[75.80899,26.90738],[75.81402,26.90314],[75.80924,26.89543],[75.80631,26.89217],[75.80436,26.88988],[75.80185,26.88817],[75.79672,26.88941],[75.79382,26.88983],[75.79101,26.88794],[75.78893,26.8872],[75.78604,26.88811],[75.78307,26.88916],[75.7795,26.88965],[75.77703,26.88949],[75.77424,26.88907],[75.7728,26.88668],[75.77067,26.8844],[75.76815,26.88446],[75.76685,26.88051],[75.76655,26.87679],[75.76471,26.87384],[75.76199,26.86854],[75.76065,26.86575],[75.75771,26.86365],[75.75708,26.86251],[75.75587,26.86091],[75.7585,26.86115],[75.76094,26.86327],[75.76495,26.86533],[75.76819,26.86727],[75.77201,26.8661],[75.77751,26.87462],[75.78003,26.87656],[75.78282,26.8782],[75.78501,26.87993],[75.7897,26.87948],[75.79383,26.87834],[75.7969,26.87829],[75.79942,26.88082],[75.8018,26.88558],[75.80359,26.88866],[75.80876,26.89482],[75.81312,26.90055],[75.81272,26.89999],[75.80854,26.89476],[75.80529,26.891],[75.80245,26.88788],[75.7978,26.88943],[75.79437,26.8901],[75.79183,26.88913],[75.78975,26.88724],[75.78674,26.88736],[75.78502,26.88623],[75.78215,26.88545],[75.77965,26.88376],[75.77965,26.88376],[75.78215,26.88545],[75.78502,26.88623],[75.78674,26.88736],[75.78975,26.88724],[75.79183,26.88913],[75.79437,26.8901],[75.79619,26.89236],[75.79889,26.89479],[75.8025,26.90186],[75.80807,26.90646],[75.81061,26.91055],[75.81198,26.91316],[75.80924,26.9076],[75.80424,26.90496],[75.80062,26.8982],[75.79807,26.89317],[75.79476,26.89123],[75.7934,26.88951],[75.79071,26.88761],[75.7877,26.88716],[75.78552,26.88714],[75.78429,26.88404],[75.78203,26.88122],[75.7799,26.87607],[75.77748,26.87459],[75.77212,26.86606],[75.77019,26.86255],[75.76413,26.85712],[75.76213,26.8553],[75.76312,26.86137],[75.76211,26.86424],[75.76227,26.86677],[75.76312,26.87123],[75.76574,26.87547],[75.76665,26.87882],[75.76703,26.8813],[75.76837,26.88777],[75.76979,26.89358],[75.77102,26.89747],[75.77474,26.90283],[75.77902,26.90838],[75.77909,26.91279],[75.78057,26.91457],[75.78159,26.91742],[75.78007,26.9195],[75.78231,26.91676],[75.78727,26.91224],[75.79042,26.90842],[75.79334,26.89775],[75.79812,26.89314],[75.80039,26.89209]]}},{"type":"Feature","properties":{"route":"24"},"geometry":{"type":"LineString","coordinates":[[75.7418,26.95149],[75.74219,26.94946],[75.744,26.94895],[75.7449,26.94758],[75.74652,26.94728],[75.74713,26.94621],[75.74706,26.94374],[75.74842,26.9434],[75.74898,26.94091],[75.75113,26.94083],[75.7516,26.93933],[75.7531,26.93895],[75.75281,26.93802],[75.75486,26.93771],[75.75606,26.93935],[75.75692,26.93985],[75.75795,26.93968],[75.75992,26.93948],[75.7626,26.94186],[75.77374,26.94009],[75.78061,26.93954],[75.78588,26.93948],[75.78692,26.93872],[75.78885,26.93794],[75.79155,26.93623],[75.79401,26.93462],[75.79558,26.93365],[75.79726,26.93294],[75.80255,26.92978],[75.80646,26.92744],[75.80722,26.92628],[75.8078,26.92578],[75.80756,26.92476],[75.80771,26.92178],[75.80806,26.92447],[75.8076,26.92545],[75.80705,26.92612],[75.80652,26.92741],[75.80327,26.92924],[75.79814,26.93257],[75.79607,26.93345],[75.79413,26.93454],[75.79236,26.93569],[75.78953,26.9375],[75.78737,26.93868],[75.78612,26.93913],[75.78108,26.93959],[75.77501,26.93998],[75.76361,26.94262],[75.76172,26.94268],[75.75964,26.94286],[75.75747,26.94327],[75.7559,26.94314],[75.75503,26.94298],[75.75268,26.94296],[75.74893,26.94331],[75.74691,26.9437],[75.74461,26.94417],[75.74085,26.94481],[75.7376,26.94505],[75.73558,26.94521],[75.73184,26.94584],[75.72981,26.9422],[75.72423,26.94236],[75.72069,26.94186],[75.71971,26.9419],[75.71878,26.94208],[75.71736,26.9423],[75.71535,26.94259],[75.71459,26.94097],[75.71348,26.94026],[75.71154,26.93963],[75.71074,26.94003],[75.7099,26.94022],[75.70917,26.94076],[75.70797,26.94103],[75.7058,26.94145],[75.70541,26.9432],[75.70424,26.94397],[75.70334,26.94474],[75.70341,26.94667],[75.7034,26.94805],[75.70336,26.94644],[75.70372,26.94461],[75.70474,26.94382],[75.70577,26.94309],[75.70613,26.94136],[75.70832,26.94094],[75.7095,26.94072],[75.7101,26.94017],[75.71097,26.93997],[75.71204,26.94064],[75.71389,26.94013],[75.71489,26.94169],[75.71626,26.94242],[75.71785,26.94223],[75.71901,26.94203],[75.7199,26.9419],[75.72103,26.94189],[75.7274,26.94239],[75.73015,26.94219],[75.7323,26.94572],[75.73597,26.94517],[75.73841,26.94499],[75.74188,26.94472],[75.74513,26.94406],[75.74778,26.94352],[75.7498,26.94318],[75.75312,26.94293],[75.75506,26.94298],[75.75652,26.94322],[75.7579,26.94327],[75.76017,26.94267],[75.76212,26.94279],[75.77001,26.94097],[75.77756,26.93981],[75.78139,26.93969],[75.78618,26.93907],[75.7877,26.93862],[75.78972,26.93949],[75.79091,26.94004],[75.79138,26.94101],[75.79059,26.9406],[75.79018,26.93971],[75.78782,26.93866],[75.78599,26.93954],[75.78365,26.94082],[75.76562,26.94233],[75.76206,26.94314],[75.76039,26.94359],[75.75949,26.94409],[75.75815,26.94413],[75.75669,26.9449],[75.75702,26.94471],[75.75828,26.94412],[75.75964,26.9441],[75.76068,26.94349],[75.76224,26.94294],[75.76361,26.94262],[75.77036,26.93967],[75.77295,26.93922],[75.77327,26.93773],[75.77867,26.93499],[75.78139,26.93249],[75.78121,26.9307],[75.78308,26.9296],[75.78431,26.92905],[75.78573,26.92847],[75.78995,26.92546],[75.79075,26.92389],[75.79325,26.92349],[75.79423,26.92018],[75.79528,26.91986],[75.79521,26.91832],[75.7951,26.91534],[75.79417,26.91452],[75.79394,26.91445],[75.79525,26.91494],[75.795,26.91764],[75.79546,26.91981],[75.79442,26.9201],[75.79337,26.92351],[75.79145,26.92318],[75.7905,26.92507],[75.78708,26.92748],[75.78438,26.92904],[75.78349,26.92927],[75.7814,26.93056],[75.78121,26.93174],[75.77992,26.93438],[75.77332,26.93769],[75.77288,26.93865],[75.77033,26.9396],[75.77001,26.94097],[75.76239,26.94284],[75.76076,26.94347],[75.76022,26.9439],[75.75917,26.94418],[75.75745,26.94457],[75.75605,26.94524],[75.75483,26.94551],[75.75387,26.9458],[75.75274,26.94606],[75.75171,26.94682],[75.75035,26.94722],[75.74899,26.94762],[75.74751,26.94771],[75.74732,26.9485],[75.74618,26.94876],[75.74486,26.94882],[75.74315,26.94909],[75.74158,26.94912],[75.73889,26.94959],[75.73725,26.94988],[75.73511,26.9497],[75.73272,26.95005],[75.73245,26.94713],[75.73184,26.94584],[75.72933,26.94514],[75.72795,26.94278],[75.72925,26.94392],[75.73065,26.94609],[75.73447,26.94534],[75.73752,26.94505],[75.74027,26.94485],[75.74372,26.94435],[75.74681,26.94372],[75.74842,26.9434],[75.75177,26.94301],[75.75415,26.94289],[75.7557,26.94311],[75.75732,26.94329],[75.75862,26.9432],[75.76073,26.94251],[75.76279,26.94274],[75.77374,26.94009],[75.78061,26.93954],[75.78588,26.93948],[75.78692,26.93872],[75.79055,26.93694],[75.79255,26.93566],[75.79418,26.93461],[75.79514,26.93465],[75.79596,26.93442],[75.7969,26.9348],[75.79609,26.93453],[75.79533,26.93453],[75.79432,26.93482],[75.79339,26.93511],[75.79195,26.93605],[75.78737,26.93868],[75.78612,26.93913],[75.78108,26.93959],[75.77501,26.93998],[75.76361,26.94262],[75.76167,26.94104],[75.76193,26.93967],[75.7626,26.93894],[75.76194,26.93955],[75.76182,26.94072],[75.7626,26.94186],[75.77374,26.94009],[75.77807,26.93992],[75.77759,26.93998],[75.7707,26.94074],[75.77079,26.93953],[75.77185,26.93937]]}},{"type":"Feature","properties":{"route":"26"},"geometry":{"type":"LineString","coordinates":[[75.70915,26.89164],[75.71081,26.89206],[75.71209,26.89267],[75.71426,26.89233],[75.71592,26.89098],[75.71813,26.8916],[75.71903,26.8916],[75.71983,26.89172],[75.72131,26.89194],[75.72279,26.89203],[75.724,26.89211],[75.72609,26.8921],[75.72811,26.89204],[75.72949,26.89265],[75.73114,26.89408],[75.7321,26.89471],[75.73385,26.89525],[75.73689,26.89614],[75.74024,26.8971],[75.74282,26.89798],[75.74421,26.89832],[75.74672,26.89914],[75.74803,26.89964],[75.75012,26.90016],[75.7528,26.89957],[75.75511,26.89891],[75.75651,26.89863],[75.76636,26.89879],[75.76843,26.8999],[75.77019,26.90084],[75.77212,26.90184],[75.77364,26.90267],[75.77485,26.90288],[75.77585,26.90444],[75.77755,26.90514],[75.77898,26.90512],[75.78007,26.90496],[75.78063,26.90494],[75.78072,26.90685],[75.78088,26.90789],[75.78177,26.90963],[75.78478,26.91098],[75.78722,26.91231],[75.78539,26.91547],[75.78543,26.91718],[75.78411,26.92076],[75.78246,26.92245],[75.77997,26.92461],[75.77984,26.92649],[75.77804,26.93171],[75.77828,26.93307],[75.77584,26.93717],[75.77322,26.93846],[75.77185,26.93937],[75.77053,26.94023],[75.77363,26.94043],[75.77303,26.94761],[75.77163,26.95047],[75.77132,26.95208],[75.77133,26.95475],[75.77137,26.95654],[75.77137,26.95775],[75.7714,26.96025],[75.77051,26.96111],[75.77002,26.96326],[75.7692,26.96419],[75.76731,26.96485],[75.76538,26.96572],[75.7626,26.96665],[75.76045,26.96697],[75.76007,26.96702],[75.76184,26.96676],[75.76488,26.9659],[75.76688,26.96504],[75.76844,26.96443],[75.76985,26.96351],[75.77052,26.96194],[75.77109,26.96029],[75.77157,26.95925],[75.77272,26.95895],[75.77345,26.95767],[75.77367,26.95513],[75.77596,26.95374],[75.77803,26.95291],[75.77823,26.95165],[75.7783,26.95042],[75.77853,26.94868],[75.77877,26.94548],[75.77888,26.94342],[75.77892,26.94111],[75.78419,26.94096],[75.78628,26.93912],[75.79195,26.93605],[75.79339,26.93511],[75.79431,26.93453],[75.79514,26.93398],[75.79681,26.93322],[75.79997,26.93175],[75.80128,26.9308],[75.80377,26.92896],[75.80769,26.92704],[75.80718,26.92605],[75.80793,26.92526],[75.808,26.92418],[75.80736,26.92184],[75.80619,26.92182],[75.80359,26.92111],[75.80139,26.91791],[75.80092,26.91691],[75.79819,26.91588],[75.79533,26.91489],[75.79086,26.91357],[75.75366,26.89725],[75.75148,26.89619],[75.74932,26.89512],[75.74775,26.89436],[75.74626,26.89365],[75.74473,26.89402],[75.74336,26.89388],[75.74131,26.89377],[75.74007,26.89374],[75.73793,26.89437],[75.73935,26.89371],[75.74103,26.89376],[75.74272,26.89383],[75.74425,26.8939],[75.74612,26.89389],[75.74678,26.89387],[75.74863,26.89479],[75.75135,26.89613],[75.75319,26.89701],[75.75622,26.89855],[75.75874,26.8987],[75.76719,26.89923],[75.76961,26.90053],[75.77082,26.90116],[75.77102,26.90278],[75.77044,26.90386],[75.7705,26.90353],[75.77186,26.90371],[75.77263,26.90444],[75.77396,26.90501],[75.77469,26.9052],[75.77755,26.90696],[75.77986,26.90893],[75.78163,26.90984],[75.78367,26.91084],[75.78694,26.91224],[75.79396,26.91454],[75.79592,26.91508],[75.79837,26.91586],[75.79982,26.91572],[75.80054,26.91549],[75.80271,26.91393],[75.80317,26.91353],[75.80096,26.91522],[75.8,26.91569],[75.79872,26.91583],[75.79614,26.91514],[75.79446,26.9147],[75.75411,26.89747],[75.75239,26.89659],[75.75095,26.89592],[75.74845,26.8947],[75.74807,26.89451],[75.74973,26.89531],[75.75236,26.89663],[75.75373,26.89729],[75.75651,26.89863],[75.76636,26.89879],[75.76843,26.8999],[75.77019,26.90084],[75.77212,26.90184],[75.77364,26.90267],[75.77503,26.90342],[75.77755,26.90696],[75.77986,26.90893],[75.78163,26.90984],[75.78367,26.91084],[75.78374,26.91205],[75.78371,26.91231],[75.78397,26.91096],[75.78242,26.91026],[75.78001,26.90901],[75.77849,26.90791],[75.77565,26.9045],[75.77408,26.90284],[75.77225,26.90191],[75.7706,26.90104],[75.76898,26.9002],[75.76696,26.8991],[75.76068,26.89853],[75.7568,26.89849],[75.75492,26.89772],[75.74714,26.89385],[75.74108,26.89082],[75.73711,26.88875],[75.73498,26.88767],[75.73289,26.88615],[75.73266,26.88651],[75.73017,26.88522],[75.72431,26.88227],[75.72105,26.88062],[75.7167,26.87874],[75.7129,26.8768],[75.70736,26.87545],[75.70526,26.87661],[75.70267,26.87697],[75.70084,26.87668],[75.70294,26.87629],[75.70574,26.87661],[75.70876,26.8751],[75.71346,26.8771],[75.7168,26.87843],[75.71799,26.87342],[75.72243,26.87368],[75.72527,26.87051],[75.72655,26.86935],[75.72898,26.86664],[75.7296,26.86501],[75.73091,26.86507],[75.73176,26.86563]]}},{"type":"Feature","properties":{"route":"27A"},"geometry":{"type":"LineString","coordinates":[[75.87236,26.85575],[75.87522,26.85228],[75.86973,26.8533],[75.86959,26.85313],[75.86789,26.8527],[75.86621,26.85207],[75.86456,26.85148],[75.86326,26.85086],[75.86253,26.84974],[75.8616,26.84958],[75.86116,26.84922],[75.86115,26.84748],[75.86018,26.84739],[75.85844,26.84746],[75.8575,26.84753],[75.85655,26.84763],[75.85481,26.84516],[75.85439,26.84459],[75.85381,26.8438],[75.85339,26.84323],[75.85275,26.84234],[75.8506,26.8381],[75.85059,26.83745],[75.84676,26.8352],[75.84438,26.83515],[75.83914,26.83504],[75.83838,26.83504],[75.83737,26.83502],[75.83615,26.83515],[75.83535,26.83607],[75.83514,26.83642],[75.83319,26.8398],[75.83192,26.8415],[75.8288,26.8459],[75.82773,26.84743],[75.82578,26.85008],[75.82532,26.85055],[75.82497,26.85098],[75.82468,26.85275],[75.82446,26.8541],[75.82439,26.85463],[75.82443,26.85504],[75.82417,26.85605],[75.82376,26.85865],[75.82298,26.86334],[75.82256,26.86617],[75.82243,26.86635],[75.82224,26.86825],[75.82207,26.86931],[75.82107,26.87257],[75.82073,26.87401],[75.82035,26.87578],[75.81958,26.87901],[75.81886,26.88225],[75.81856,26.88326],[75.81501,26.88401],[75.81276,26.88447],[75.81224,26.8844],[75.81176,26.88477],[75.81053,26.88503],[75.80982,26.88517],[75.80746,26.88566],[75.80732,26.88567],[75.80389,26.88636],[75.80265,26.88656],[75.80242,26.88652],[75.80215,26.88629],[75.80156,26.88632],[75.80082,26.88597],[75.80044,26.88605],[75.79989,26.88591],[75.79975,26.88578],[75.79812,26.88616],[75.79692,26.88604],[75.79897,26.88601],[75.79981,26.88575],[75.80024,26.88576],[75.80063,26.88605],[75.80132,26.88578],[75.80208,26.88614],[75.8023,26.88657],[75.80239,26.88676],[75.80257,26.88681],[75.80359,26.88866],[75.80551,26.89106],[75.8061,26.89172],[75.80717,26.89298],[75.80866,26.89471],[75.80924,26.89543],[75.81208,26.89908],[75.81285,26.89941],[75.81358,26.89929],[75.8142,26.89915],[75.81524,26.89899],[75.81559,26.89895],[75.81604,26.89878],[75.81638,26.89889],[75.81819,26.89932],[75.81922,26.89963],[75.81943,26.8997],[75.82081,26.89913],[75.82281,26.89829],[75.82404,26.89777],[75.82612,26.89694],[75.82812,26.8963],[75.82991,26.89646],[75.83114,26.89705],[75.83255,26.89832],[75.83363,26.89945],[75.8354,26.90122],[75.83613,26.90194],[75.83685,26.90266],[75.83796,26.90181],[75.83873,26.90118],[75.8397,26.90039],[75.8405,26.90048],[75.84135,26.90036],[75.84202,26.90036],[75.84338,26.90039],[75.8436,26.90087],[75.84396,26.90055],[75.864,26.89452],[75.86543,26.89353],[75.86593,26.89303],[75.86624,26.89272],[75.86707,26.89191],[75.86775,26.89144],[75.86897,26.89097],[75.87013,26.88983],[75.87068,26.88916],[75.87118,26.88865],[75.87301,26.88668],[75.87342,26.88728],[75.87538,26.88665],[75.8767,26.88613],[75.87703,26.886],[75.87767,26.88576],[75.87792,26.88568],[75.87875,26.88535],[75.87926,26.88547],[75.87911,26.8852],[75.87832,26.88551],[75.87771,26.88574],[75.87736,26.88586],[75.87698,26.88602],[75.87633,26.88628],[75.87495,26.88679],[75.87335,26.88709],[75.87146,26.88834],[75.87095,26.88892],[75.87026,26.8896],[75.86968,26.89065],[75.86799,26.89135],[75.86758,26.89151],[75.86663,26.89234],[75.86608,26.89287],[75.86571,26.89326],[75.86508,26.89372],[75.86452,26.89392],[75.86118,26.89489],[75.86026,26.89768],[75.85968,26.89844],[75.85329,26.9007],[75.85058,26.9018],[75.84817,26.90158],[75.84554,26.9031],[75.84199,26.90645],[75.84117,26.90694],[75.83884,26.90847],[75.83734,26.90846],[75.83684,26.90873],[75.83568,26.90915],[75.83477,26.90932],[75.83352,26.90947],[75.83341,26.90897],[75.83254,26.90911],[75.83134,26.90931],[75.83075,26.90956],[75.83001,26.90931],[75.82831,26.90863],[75.82691,26.90909],[75.8261,26.90932],[75.82504,26.90959],[75.82381,26.90995],[75.82288,26.9099],[75.82103,26.9105],[75.82015,26.91132],[75.819,26.90976],[75.81843,26.90794],[75.81589,26.90839],[75.81527,26.9085],[75.81516,26.90775],[75.81455,26.90785],[75.81255,26.9082],[75.80965,26.90871],[75.80924,26.9076],[75.80919,26.90739],[75.80841,26.90631],[75.81041,26.90547],[75.81294,26.90442],[75.81384,26.90398],[75.81402,26.90314],[75.81362,26.90198],[75.81231,26.89964],[75.81143,26.89845],[75.81051,26.89698],[75.80876,26.89482],[75.8101,26.89407],[75.80866,26.89471],[75.80924,26.89543],[75.81208,26.89908],[75.81243,26.89957],[75.81272,26.89999],[75.81312,26.90055],[75.81382,26.90116],[75.81445,26.901],[75.81394,26.90263],[75.81422,26.90383],[75.81447,26.90469],[75.81498,26.90648],[75.81516,26.90775],[75.81527,26.9085],[75.81591,26.91188],[75.81198,26.91316],[75.81291,26.91486],[75.81125,26.91553],[75.81064,26.91574],[75.81035,26.91558],[75.80989,26.91625],[75.80927,26.91634],[75.80828,26.91646],[75.80727,26.91656],[75.80664,26.91665],[75.80612,26.91674],[75.80551,26.91684],[75.80501,26.91691],[75.80465,26.91698],[75.804,26.91708],[75.80357,26.91715],[75.80264,26.91734],[75.80135,26.91782],[75.80105,26.91792],[75.79987,26.91832],[75.79702,26.9193],[75.79546,26.91981],[75.79506,26.91992],[75.79442,26.9201],[75.79413,26.92017],[75.79255,26.92031],[75.78673,26.9175],[75.78528,26.91714],[75.78272,26.91683],[75.78231,26.91676],[75.78161,26.91695],[75.78154,26.91764],[75.78081,26.91891],[75.78031,26.91942],[75.77929,26.91955],[75.78007,26.9195],[75.78041,26.91936],[75.78092,26.91827],[75.78159,26.91742],[75.7816,26.91669],[75.78231,26.9167],[75.78516,26.91604],[75.78565,26.91501],[75.7871,26.91245],[75.78727,26.91224],[75.7882,26.91137],[75.78927,26.90997],[75.78958,26.90897],[75.79044,26.90878],[75.79035,26.90705],[75.79065,26.90215],[75.79195,26.90078],[75.79276,26.90006],[75.79334,26.89775],[75.79352,26.89451],[75.79423,26.89454],[75.79642,26.89397],[75.79807,26.89317],[75.79821,26.8931],[75.80039,26.89209]]}},{"type":"Feature","properties":{"route":"28"},"geometry":{"type":"LineString","coordinates":[[75.8067,26.88674],[75.80251,26.88649],[75.79749,26.87345],[75.79695,26.8698],[75.79538,26.85863],[75.79386,26.84976],[75.79209,26.84441],[75.79209,26.84441],[75.79369,26.83905],[75.79408,26.83137],[75.79408,26.82948],[75.79389,26.83617],[75.79364,26.8408],[75.79628,26.8649],[75.79701,26.87018],[75.79888,26.87938],[75.79734,26.88152],[75.7964,26.88591],[75.79786,26.88108],[75.79737,26.87318],[75.79679,26.86865],[75.79515,26.85719],[75.79367,26.83961],[75.79507,26.83616],[75.79456,26.82566],[75.79078,26.82092],[75.78914,26.81664],[75.7886,26.81182],[75.78721,26.80629],[75.78724,26.80026],[75.78674,26.78581],[75.78719,26.79964],[75.78721,26.80624],[75.78842,26.81054],[75.78917,26.81555],[75.79079,26.82053],[75.79471,26.825],[75.79387,26.83542],[75.79363,26.84058],[75.79532,26.85827],[75.79689,26.86938],[75.79739,26.87335],[75.79555,26.8764],[75.79298,26.8781],[75.79535,26.87644],[75.7975,26.8749],[75.79695,26.8698],[75.79538,26.85863],[75.79364,26.8407],[75.79389,26.83609],[75.79456,26.82566],[75.79078,26.82092],[75.78822,26.81769],[75.78665,26.81422],[75.78358,26.80996],[75.78226,26.80751],[75.78261,26.80794],[75.78425,26.81154],[75.78694,26.81526],[75.78837,26.81847],[75.79132,26.8238],[75.79419,26.82948],[75.79386,26.83853],[75.79363,26.84093],[75.79637,26.86562],[75.7971,26.87097],[75.79897,26.87963],[75.8015,26.88499],[75.80245,26.88686],[75.80529,26.891],[75.80854,26.89476],[75.81239,26.89974],[75.81041,26.90547],[75.80841,26.90631],[75.81377,26.90243],[75.80876,26.89482],[75.80514,26.89629],[75.79772,26.90004],[75.79336,26.90342],[75.79076,26.90873],[75.79003,26.91834],[75.7871,26.9217],[75.78431,26.92905],[75.78097,26.93089],[75.77397,26.93764],[75.77033,26.9396],[75.76224,26.94294],[75.75949,26.94409],[75.75724,26.94755],[75.7503,26.9527],[75.74543,26.95835],[75.74403,26.9553],[75.74067,26.95235],[75.73918,26.94802],[75.73758,26.94569],[75.73718,26.94281],[75.73658,26.93635],[75.7358,26.92808],[75.73512,26.92037],[75.73673,26.91496],[75.73792,26.91442],[75.73823,26.91402],[75.73842,26.91111],[75.73843,26.90769],[75.73893,26.90276],[75.73918,26.89696],[75.73939,26.89343],[75.74108,26.89082],[75.74437,26.8872],[75.7468,26.88485],[75.74815,26.87995],[75.74828,26.87485],[75.75184,26.86755],[75.75465,26.8619],[75.75858,26.85634],[75.76158,26.85293],[75.76455,26.84641],[75.76815,26.83854],[75.77205,26.8319],[75.78323,26.82307],[75.78833,26.82197],[75.78561,26.82062],[75.78893,26.81858],[75.79306,26.82502],[75.79408,26.83137],[75.79369,26.83905],[75.7935,26.84495],[75.79411,26.84993],[75.79777,26.85376],[75.79978,26.85764],[75.79735,26.85235],[75.79408,26.84973],[75.79345,26.84428],[75.79408,26.83905],[75.79414,26.83037],[75.79258,26.82489],[75.78838,26.81856],[75.78306,26.81889],[75.77974,26.82089],[75.78195,26.81903],[75.78631,26.8186],[75.79105,26.82379],[75.79422,26.82877],[75.79389,26.83617],[75.79364,26.8408],[75.79543,26.85938],[75.79441,26.86383],[75.79642,26.86596],[75.79713,26.87124],[75.79914,26.87971],[75.80257,26.88681],[75.80796,26.89391],[75.81272,26.89999],[75.81312,26.90055],[75.80876,26.89482],[75.80359,26.88866],[75.79962,26.88096],[75.79722,26.87201],[75.7965,26.8666],[75.79478,26.85468],[75.79369,26.83905],[75.79408,26.83137],[75.79306,26.82502],[75.78893,26.81858],[75.7889,26.81366],[75.78852,26.80962],[75.78848,26.81021],[75.78905,26.81451],[75.79178,26.81863],[75.79854,26.81944],[75.79923,26.81971],[75.79443,26.81871],[75.78914,26.81664],[75.7886,26.81182],[75.78721,26.80629],[75.78724,26.80026],[75.78719,26.80571],[75.78847,26.81004],[75.789,26.81422],[75.7908,26.81865],[75.79348,26.82509],[75.79401,26.83249],[75.79369,26.83912],[75.79499,26.85608],[75.79666,26.8677],[75.79728,26.87243],[75.79982,26.88168],[75.80208,26.88614],[75.80355,26.88887],[75.80607,26.89188],[75.80958,26.89602],[75.81411,26.90341],[75.81527,26.9085],[75.81098,26.91565],[75.80828,26.91646],[75.80529,26.91687],[75.80264,26.91734],[75.79613,26.9196],[75.79255,26.92031],[75.7816,26.91669],[75.77929,26.91955],[75.78161,26.91695],[75.7871,26.91245],[75.78967,26.90896],[75.79276,26.90006],[75.79696,26.8937],[75.80039,26.89209]]}},{"type":"Feature","properties":{"route":"3"},"geometry":{"type":"LineString","coordinates":[[75.84319,26.792],[75.81995,26.80803],[75.79632,26.81877],[75.74763,26.87662],[75.75125,26.89828],[75.76375,26.88008],[75.80549,26.85681],[75.77652,26.87355],[75.73525,26.88794],[75.71367,26.8886],[75.7172,26.86949],[75.72314,26.86195],[75.74069,26.86646],[75.76305,26.86762],[75.7849,26.87959],[75.80251,26.88649],[75.79465,26.85356],[75.79418,26.82961],[75.80051,26.88309],[75.81538,26.90849],[75.8068,26.89273],[75.79642,26.86596],[75.80684,26.80565],[75.80391,26.7938],[75.78743,26.81603],[75.79637,26.86562],[75.80631,26.89217],[75.81897,26.92652],[75.83216,26.94408],[75.83225,26.9309],[75.84111,26.90686],[75.86118,26.89489],[75.86398,26.86968],[75.84965,26.83037],[75.82174,26.81763],[75.79132,26.81867],[75.76273,26.85039],[75.76447,26.86166],[75.78501,26.87993],[75.79409,26.88283],[75.78691,26.86357],[75.78871,26.83672],[75.80101,26.80703],[75.79369,26.83912],[75.80286,26.88769],[75.81662,26.91778],[75.80619,26.89204],[75.79628,26.8649],[75.80172,26.81511],[75.78776,26.85459],[75.7768,26.86172],[75.77592,26.83469],[75.77716,26.84015],[75.7931,26.85746],[75.81285,26.89941],[75.82665,26.91496],[75.84359,26.93694],[75.86833,26.95206],[75.8935,26.94797],[75.87921,26.95048],[75.84842,26.9435],[75.8315,26.93053],[75.82064,26.90165],[75.79749,26.87345],[75.78387,26.85229],[75.75941,26.83795],[75.75003,26.82113],[75.77046,26.84812],[75.79267,26.85752],[75.81215,26.89918],[75.82558,26.91519],[75.84329,26.93651],[75.86779,26.96174],[75.84693,26.93877],[75.84564,26.90551],[75.89077,26.88629],[75.90113,26.87093],[75.88058,26.84497],[75.8502,26.8333],[75.82497,26.81634],[75.80523,26.81117],[75.81074,26.83431],[75.83737,26.83502],[75.86571,26.87127],[75.87568,26.89601],[75.84674,26.90783],[75.84999,26.93925],[75.82974,26.9296],[75.80575,26.90799],[75.79071,26.88761],[75.77793,26.87513],[75.77058,26.84423],[75.7908,26.81865],[75.81246,26.80469],[75.79916,26.81619],[75.79694,26.87565],[75.79626,26.86362],[75.81904,26.84496],[75.77652,26.87355],[75.75881,26.87546],[75.76131,26.85883],[75.75771,26.84113],[75.78056,26.85267],[75.80729,26.86779],[75.84016,26.89032],[75.88335,26.8964],[75.89466,26.90023],[75.87207,26.89524],[75.82451,26.9085],[75.80803,26.89419],[75.79644,26.86616],[75.8056,26.81473],[75.81857,26.80974],[75.80681,26.81408],[75.79532,26.85827],[75.80599,26.89178],[75.78893,26.8872],[75.77324,26.88752],[75.76426,26.87311],[75.75874,26.85648],[75.8041,26.83447],[75.82837,26.83342],[75.85563,26.81455],[75.87064,26.84027],[75.87261,26.8703],[75.88409,26.888],[75.86026,26.89768],[75.82605,26.92048],[75.79681,26.93322],[75.74791,26.95388],[75.79055,26.93694],[75.81895,26.92297],[75.83842,26.90878],[75.83443,26.91268],[75.80551,26.91684],[75.74069,26.89063],[75.73875,26.87278],[75.76719,26.8803],[75.79306,26.85501],[75.81486,26.84275],[75.8224,26.86663],[75.82205,26.9053],[75.83302,26.9338],[75.82732,26.91742],[75.81387,26.89922],[75.79515,26.85719],[75.7854,26.82257],[75.79411,26.83878],[75.79523,26.85267],[75.77309,26.8418],[75.7632,26.83162],[75.78567,26.81861],[75.80929,26.81329],[75.8262,26.80956],[75.82089,26.8114],[75.8056,26.81473],[75.79582,26.86238],[75.80286,26.88769],[75.81686,26.91838],[75.82661,26.93894],[75.83404,26.94512],[75.81953,26.93378],[75.80512,26.92242],[75.73679,26.88883],[75.70312,26.87686],[75.75101,26.89579],[75.81198,26.91316],[75.83684,26.90873],[75.8767,26.88613],[75.89435,26.88089],[75.87412,26.86737],[75.85381,26.8438],[75.84037,26.81636],[75.79846,26.79962],[75.78911,26.81773],[75.79695,26.8698],[75.8125,26.89966],[75.79426,26.85774],[75.79071,26.85554],[75.80796,26.89391],[75.82433,26.91173],[75.82828,26.92801],[75.81932,26.8998],[75.79713,26.87124],[75.79576,26.82097],[75.78633,26.85471],[75.77828,26.88273],[75.79344,26.89596],[75.80558,26.92292],[75.82027,26.93351],[75.82009,26.93146],[75.82459,26.91521],[75.82945,26.92024],[75.80871,26.91383],[75.79183,26.88913],[75.77979,26.87575],[75.76495,26.84613],[75.80834,26.84506],[75.79626,26.86362],[75.79338,26.89162],[75.78231,26.9167],[75.79296,26.89534],[75.76557,26.88928],[75.74886,26.88131]]}},{"type":"Feature","properties":{"route":"30"},"geometry":{"type":"LineString","coordinates":[[75.83113,26.94538],[75.83163,26.94518],[75.83198,26.94526],[75.83212,26.94532],[75.83228,26.94535],[75.83266,26.94541],[75.83282,26.94532],[75.83326,26.94491],[75.83329,26.94492],[75.83348,26.94501],[75.83404,26.94512],[75.83423,26.94517],[75.8345,26.94523],[75.83464,26.94526],[75.83481,26.94531],[75.83496,26.94531],[75.8353,26.94542],[75.83535,26.94543],[75.83573,26.94549],[75.8368,26.94576],[75.83734,26.94589],[75.83764,26.94594],[75.83768,26.94595],[75.83825,26.94603],[75.83892,26.94612],[75.83894,26.94612],[75.83983,26.94613],[75.84,26.94615],[75.84009,26.94615],[75.84061,26.94612],[75.84195,26.94612],[75.84252,26.94612],[75.84322,26.94612],[75.84456,26.94613],[75.84548,26.94613],[75.84714,26.94614],[75.8478,26.94614],[75.85031,26.94611],[75.85033,26.94612],[75.85054,26.94626],[75.85495,26.94931],[75.85667,26.95002],[75.8568,26.95003],[75.86026,26.95039],[75.86138,26.95072],[75.86168,26.95093],[75.86202,26.95118],[75.86216,26.95128],[75.86233,26.95141],[75.86277,26.95175],[75.86363,26.95243],[75.86442,26.95323],[75.86499,26.95411],[75.86565,26.95621],[75.86702,26.96062],[75.86779,26.96174],[75.86911,26.96357],[75.87033,26.96546],[75.87134,26.97133],[75.87117,26.97135],[75.87115,26.97118],[75.87107,26.97029],[75.87107,26.97029],[75.87115,26.97118],[75.87117,26.97135],[75.87134,26.97133],[75.87033,26.96546],[75.86911,26.96357],[75.86915,26.96348],[75.86752,26.96116],[75.86718,26.96067],[75.86657,26.95952],[75.86645,26.95909],[75.86585,26.95662],[75.86574,26.95619],[75.8657,26.95601],[75.86556,26.95541],[75.86516,26.95424],[75.8648,26.95361],[75.86459,26.95327],[75.86452,26.95319],[75.86437,26.953],[75.8642,26.9528],[75.86403,26.95264],[75.86349,26.95217],[75.86316,26.95191],[75.86238,26.95129],[75.86226,26.9512],[75.86205,26.95106],[75.86166,26.95077],[75.86052,26.95032],[75.85047,26.946],[75.85035,26.94587],[75.85029,26.94562],[75.85017,26.94512],[75.85015,26.945],[75.85003,26.94426],[75.84982,26.94362],[75.84952,26.94301],[75.8499,26.94204],[75.84991,26.94132],[75.84972,26.94066],[75.85007,26.9405],[75.84999,26.93932],[75.85068,26.9393],[75.85068,26.9393],[75.84999,26.93932],[75.84999,26.93925],[75.84997,26.93911],[75.84727,26.93864],[75.84725,26.93863],[75.84693,26.93877],[75.84681,26.93882],[75.84624,26.93895],[75.84569,26.93906],[75.84522,26.93915],[75.84517,26.93903],[75.84491,26.93854],[75.84486,26.93847],[75.84469,26.93825],[75.84407,26.9385],[75.84395,26.93854],[75.84377,26.93858],[75.84338,26.93869],[75.84323,26.93831],[75.84271,26.9385],[75.84244,26.93841],[75.84241,26.93834],[75.84231,26.93809],[75.84202,26.93805],[75.84162,26.93811],[75.84147,26.93766],[75.84106,26.93773],[75.84088,26.93775],[75.84056,26.93777],[75.84029,26.93784],[75.8401,26.93722],[75.83969,26.93728],[75.83925,26.93737],[75.83921,26.93738],[75.83887,26.93745],[75.83814,26.9376],[75.83769,26.93774],[75.83738,26.93787],[75.83733,26.93789],[75.8369,26.93809],[75.83664,26.93822],[75.83613,26.93846],[75.83532,26.93771],[75.83525,26.93774],[75.83525,26.93774],[75.83605,26.93849],[75.83662,26.93905],[75.83684,26.9393],[75.83724,26.93978],[75.83754,26.94016],[75.83778,26.94051],[75.83784,26.9406],[75.83802,26.94087],[75.83834,26.94133],[75.83848,26.94154],[75.83858,26.94168],[75.83868,26.94184],[75.83873,26.94192],[75.83928,26.94292],[75.83938,26.94349],[75.83942,26.94374],[75.83947,26.94396],[75.83967,26.94471],[75.83998,26.94608],[75.83983,26.94613],[75.83894,26.94612],[75.83894,26.94612],[75.83983,26.94613],[75.83998,26.94608],[75.83967,26.94471],[75.83947,26.94396],[75.83942,26.94374],[75.83938,26.94349],[75.83928,26.94292],[75.83873,26.94192],[75.83868,26.94184],[75.83858,26.94168],[75.83848,26.94154],[75.83834,26.94133],[75.83802,26.94087],[75.83784,26.9406],[75.83778,26.94051],[75.83754,26.94016],[75.83724,26.93978],[75.83684,26.9393],[75.83662,26.93905],[75.83605,26.93849],[75.83525,26.93774],[75.83514,26.93762],[75.83454,26.937],[75.83449,26.93694],[75.83372,26.93603],[75.8336,26.93578],[75.83361,26.93572],[75.8336,26.93569],[75.83346,26.93526],[75.83325,26.93459],[75.83313,26.93422],[75.83309,26.93408],[75.83302,26.9338],[75.83259,26.93286],[75.83255,26.93275],[75.83242,26.93239],[75.83217,26.93175],[75.83185,26.93104],[75.8315,26.93053],[75.83078,26.93079],[75.83078,26.93079],[75.8306,26.93094],[75.83055,26.93099],[75.83027,26.93077],[75.82991,26.9308],[75.83005,26.93134],[75.83018,26.93185],[75.82962,26.93197],[75.82904,26.93209],[75.82919,26.93268],[75.82933,26.93323],[75.82943,26.93373],[75.82947,26.93408],[75.82793,26.93451],[75.82765,26.93491],[75.8273,26.93496],[75.82732,26.93513],[75.82659,26.93534],[75.82661,26.93566],[75.82659,26.93609],[75.82636,26.93614],[75.82624,26.93619],[75.82616,26.93716],[75.82609,26.93718],[75.82589,26.9372],[75.82558,26.93727],[75.82558,26.93727],[75.82589,26.9372],[75.82609,26.93718],[75.82616,26.93716],[75.82624,26.93619],[75.82636,26.93614],[75.82659,26.93609],[75.82661,26.93566],[75.82659,26.93534],[75.82732,26.93513],[75.8273,26.93496],[75.82725,26.93461],[75.82714,26.9342],[75.82709,26.93397],[75.82705,26.93374],[75.82696,26.93336],[75.82684,26.93286],[75.82676,26.93257],[75.82662,26.93207],[75.82646,26.93152],[75.82632,26.93094],[75.8262,26.9305],[75.82615,26.93031],[75.82607,26.93002],[75.82581,26.92887],[75.82582,26.92883],[75.82589,26.92718],[75.82657,26.9263],[75.82684,26.92627],[75.82764,26.92605],[75.82774,26.92603],[75.82756,26.92532],[75.827,26.92339]]}},{"type":"Feature","properties":{"route":"32"},"geometry":{"type":"LineString","coordinates":[[75.75181,26.90241],[75.74575,26.89894],[75.73922,26.89684],[75.73124,26.89414],[75.72567,26.89213],[75.72012,26.89176],[75.71559,26.89124],[75.70934,26.8915],[75.71378,26.88747],[75.71664,26.87871],[75.7172,26.86949],[75.71112,26.8629],[75.7178,26.87274],[75.72431,26.88227],[75.7369,26.88866],[75.7554,26.89796],[75.79369,26.91436],[75.80117,26.91703],[75.80577,26.9168],[75.81135,26.9164],[75.8184,26.91645],[75.82751,26.91474],[75.83775,26.90932],[75.84356,26.899],[75.84362,26.89976],[75.85063,26.90173],[75.84816,26.9015],[75.83978,26.90432],[75.83255,26.89832],[75.82081,26.89913],[75.81524,26.89899],[75.80717,26.89298],[75.80208,26.88614],[75.7964,26.88591],[75.79321,26.88211],[75.79131,26.87796],[75.78812,26.87342],[75.78509,26.86315],[75.77903,26.8662],[75.78043,26.87143],[75.78517,26.8772],[75.79119,26.8792],[75.79613,26.87755],[75.80046,26.88298],[75.80279,26.88729],[75.81215,26.89918],[75.81699,26.89894],[75.82694,26.89661],[75.83653,26.90234],[75.84231,26.90075],[75.87522,26.89053],[75.90159,26.88174],[75.90031,26.88363],[75.89169,26.88632],[75.8897,26.89347],[75.88356,26.8955],[75.87986,26.89722],[75.87722,26.89838],[75.8711,26.89507],[75.84339,26.90099],[75.83753,26.90216],[75.82919,26.89631],[75.81858,26.89948],[75.81341,26.89929],[75.80445,26.88982],[75.80057,26.8832],[75.7969,26.87829],[75.79261,26.87878],[75.78519,26.88043],[75.77786,26.88204],[75.77129,26.8782],[75.75859,26.88218],[75.77269,26.8775],[75.77802,26.8822],[75.78522,26.88042],[75.79313,26.87859],[75.79798,26.87843],[75.80159,26.88517],[75.8061,26.89172],[75.8142,26.89915],[75.81943,26.8997],[75.83114,26.89705],[75.83873,26.90118],[75.84399,26.90111],[75.87388,26.89499],[75.88335,26.8964],[75.88778,26.89726],[75.89179,26.89789],[75.89678,26.9009],[75.89312,26.90056],[75.88836,26.89776],[75.88413,26.89639],[75.87564,26.89431],[75.85981,26.89418],[75.83909,26.90483],[75.8341,26.90551],[75.82346,26.90882],[75.81538,26.90849],[75.80899,26.90738],[75.81198,26.89918],[75.80619,26.89204],[75.80245,26.88788],[75.79538,26.88931],[75.79132,26.88833],[75.78736,26.88717],[75.78372,26.88913],[75.77834,26.88928],[75.77424,26.88907],[75.77209,26.8855],[75.77067,26.88476],[75.77359,26.88808],[75.7775,26.88943],[75.78262,26.88963],[75.78674,26.88736],[75.79078,26.88768],[75.79448,26.89013],[75.80185,26.88817],[75.80593,26.89172],[75.81285,26.89941],[75.81819,26.89932],[75.82812,26.8963],[75.83685,26.90266],[75.84338,26.90039],[75.8753,26.89059],[75.88199,26.89214],[75.86968,26.89065],[75.86469,26.89387],[75.87276,26.91459],[75.84817,26.90158],[75.8345,26.91261],[75.82532,26.91523],[75.81705,26.91673],[75.80927,26.91634],[75.80465,26.91698],[75.79866,26.91606],[75.76484,26.89852],[75.74714,26.89385],[75.73421,26.88728],[75.73443,26.88136],[75.73502,26.87452],[75.73173,26.87306],[75.72671,26.87744],[75.72291,26.88079],[75.70876,26.8751],[75.70152,26.87684],[75.71082,26.87859],[75.71617,26.8793],[75.73525,26.88794],[75.75347,26.897],[75.77382,26.90257],[75.79942,26.91577],[75.80725,26.91413],[75.81781,26.9108],[75.82381,26.90995],[75.82936,26.90866],[75.83523,26.90924],[75.84576,26.90283],[75.86469,26.89387],[75.87013,26.88983],[75.87703,26.886],[75.88104,26.88437],[75.88561,26.8826],[75.89328,26.88251],[75.89231,26.883],[75.88456,26.88789],[75.8436,26.9009],[75.83805,26.90173],[75.83019,26.89653],[75.8193,26.89965],[75.81389,26.89928],[75.81243,26.89957],[75.80593,26.89172],[75.80185,26.88817],[75.79448,26.89013],[75.79078,26.88768],[75.78674,26.88736],[75.78331,26.88603],[75.77898,26.88397],[75.78154,26.88472],[75.78538,26.88693],[75.78901,26.88721],[75.79303,26.88925],[75.79597,26.89196],[75.80062,26.8982],[75.80807,26.90646],[75.81214,26.91353],[75.81784,26.91654],[75.82751,26.91474],[75.83577,26.91154],[75.83272,26.9135],[75.823,26.91548],[75.81588,26.91687],[75.80731,26.91656],[75.80385,26.9171],[75.79528,26.91986],[75.78237,26.91678],[75.78031,26.91942],[75.78669,26.91316],[75.79031,26.90377],[75.79696,26.8937],[75.79423,26.89454],[75.78548,26.8923],[75.7777,26.89233],[75.77032,26.89037],[75.76515,26.88918],[75.75935,26.88768],[75.75309,26.88628],[75.75162,26.88146],[75.74886,26.88131]]}},{"type":"Feature","properties":{"route":"34"},"geometry":{"type":"LineString","coordinates":[[75.8067,26.88674],[75.81051,26.89698],[75.81489,26.90566],[75.82056,26.916],[75.82657,26.92311],[75.83005,26.93134],[75.83155,26.93794],[75.83379,26.94394],[75.83163,26.94518],[75.82948,26.94047],[75.82501,26.93732],[75.82126,26.93403],[75.81873,26.92558],[75.81673,26.91765],[75.81458,26.90504],[75.80913,26.89546],[75.8038,26.88923],[75.80044,26.88605],[75.7957,26.88379],[75.79248,26.88062],[75.78909,26.8769],[75.78692,26.86363],[75.78387,26.85229],[75.777,26.84725],[75.77985,26.83673],[75.77408,26.8297],[75.7745,26.82816],[75.77623,26.83603],[75.77697,26.84518],[75.78216,26.85242],[75.78684,26.85474],[75.79168,26.85763],[75.79679,26.86865],[75.79931,26.88018],[75.80619,26.89182],[75.81524,26.89899],[75.82041,26.90128],[75.82311,26.90807],[75.82665,26.91496],[75.82962,26.9263],[75.83434,26.93207],[75.8415,26.93584],[75.84534,26.93944],[75.8491,26.94409],[75.86374,26.95109],[75.86958,26.95229],[75.87656,26.95124],[75.88371,26.95067],[75.89208,26.94825],[75.89593,26.95011],[75.89186,26.9483],[75.88324,26.95073],[75.87608,26.95158],[75.86916,26.95224],[75.86334,26.95107],[75.84842,26.9435],[75.84522,26.93915],[75.84108,26.93572],[75.83398,26.93182],[75.82926,26.92494],[75.82558,26.91519],[75.82302,26.90785],[75.81993,26.90066],[75.8145,26.89911],[75.8061,26.89172],[75.79914,26.87971],[75.79666,26.8677],[75.79156,26.85706],[75.78662,26.85454],[75.78056,26.85267],[75.7723,26.84878],[75.76509,26.84617],[75.75941,26.83795],[75.75375,26.82917],[75.74803,26.81689],[75.74803,26.81689],[75.75375,26.82917],[75.75941,26.83795],[75.76509,26.84617],[75.7723,26.84878],[75.78056,26.85267],[75.78662,26.85454],[75.79156,26.85706],[75.79666,26.8677],[75.79914,26.87971],[75.8061,26.89172],[75.8145,26.89911],[75.81993,26.90066],[75.82302,26.90785],[75.82558,26.91519],[75.82926,26.92494],[75.83398,26.93182],[75.84108,26.93572],[75.84522,26.93915],[75.84727,26.93864],[75.84329,26.93651],[75.83645,26.93363],[75.83043,26.92939],[75.82797,26.91945],[75.82403,26.91071],[75.82151,26.90365],[75.81626,26.89875],[75.80924,26.89543],[75.80236,26.88669],[75.79918,26.88019],[75.79434,26.87816],[75.79083,26.88146],[75.79334,26.88859],[75.79619,26.89236],[75.80066,26.89867],[75.80919,26.90739],[75.81362,26.90198],[75.80619,26.89182],[75.79931,26.88018],[75.79679,26.86865],[75.79353,26.86278],[75.79016,26.8584],[75.7911,26.86115],[75.79497,26.86422],[75.79717,26.87162],[75.80249,26.88666],[75.81051,26.89698],[75.81638,26.89889],[75.82174,26.90433],[75.82404,26.91095],[75.82827,26.92052],[75.83079,26.92931],[75.8336,26.93578],[75.83325,26.93459],[75.83007,26.92798],[75.82704,26.91626],[75.82334,26.90848],[75.82064,26.90165],[75.81559,26.89895],[75.80796,26.89391],[75.80175,26.8852],[75.79695,26.8698],[75.79267,26.85752],[75.78721,26.8547],[75.78276,26.85234],[75.7769,26.84536],[75.77337,26.84354],[75.76791,26.8395],[75.76196,26.8347],[75.75988,26.83315],[75.76464,26.83773],[75.77203,26.84421],[75.77694,26.8462],[75.78329,26.85234],[75.78776,26.85459],[75.79426,26.85774],[75.7971,26.87097],[75.80046,26.88298],[75.80317,26.88825],[75.80854,26.89476],[75.81424,26.90393],[75.81645,26.91681],[75.81856,26.92491],[75.82093,26.9339],[75.82478,26.93642],[75.82804,26.94031],[75.83404,26.94512],[75.83894,26.94612],[75.83423,26.94517],[75.82882,26.94059],[75.8248,26.93653],[75.82114,26.93398],[75.81862,26.92509],[75.81649,26.91691],[75.81486,26.90554],[75.81215,26.89918],[75.80257,26.88681],[75.79728,26.87243],[75.79538,26.85863],[75.78986,26.85516],[75.78614,26.85051],[75.78715,26.85471],[75.79202,26.85759],[75.79689,26.86938],[75.79962,26.88096],[75.80717,26.89298],[75.81532,26.89898],[75.82044,26.90131],[75.82326,26.90835],[75.82489,26.91598],[75.82793,26.92674],[75.83078,26.93079],[75.8273,26.93496],[75.8248,26.93653],[75.82114,26.93398],[75.81867,26.92576],[75.81662,26.91778],[75.8164,26.91692],[75.82469,26.91521],[75.83436,26.91283],[75.83436,26.91283],[75.8314,26.91859],[75.827,26.92339],[75.81856,26.92491],[75.80722,26.92628],[75.79955,26.9226],[75.78348,26.9169],[75.78007,26.9195],[75.78669,26.91316],[75.79065,26.90215],[75.79812,26.89314],[75.80039,26.89209]]}},{"type":"Feature","properties":{"route":"3A"},"geometry":{"type":"LineString","coordinates":[[75.8067,26.88674],[75.80313,26.88651],[75.79931,26.88018],[75.79728,26.87243],[75.79689,26.86938],[75.79628,26.8649],[75.79444,26.85233],[75.79355,26.84563],[75.79166,26.8445],[75.79209,26.84441],[75.79367,26.83961],[75.79389,26.83609],[75.79419,26.82948],[75.79294,26.82754],[75.79462,26.82499],[75.79078,26.82092],[75.78837,26.81847],[75.78697,26.81564],[75.78434,26.81429],[75.78698,26.81544],[75.78824,26.81777],[75.79079,26.82053],[75.79348,26.82509],[75.79414,26.83037],[75.79386,26.83853],[75.79364,26.8407],[75.79515,26.85719],[75.7965,26.8666],[75.79713,26.87124],[75.79888,26.87938],[75.79763,26.8812],[75.79641,26.88586],[75.79981,26.88575],[75.80156,26.88632],[75.80286,26.88769],[75.80515,26.89083],[75.80631,26.89217],[75.80958,26.89602],[75.81377,26.90243],[75.81498,26.90648],[75.81604,26.91236],[75.8164,26.91692],[75.81766,26.92186],[75.81684,26.91864],[75.8171,26.91632],[75.81526,26.90846],[75.81422,26.90383],[75.81198,26.89918],[75.80854,26.89476],[75.80593,26.89172],[75.80355,26.88887],[75.8023,26.88657],[75.80057,26.8832],[75.79918,26.88019],[75.79722,26.87201],[75.79679,26.86865],[75.79538,26.85863],[75.79363,26.84093],[75.79408,26.83905],[75.79389,26.83609],[75.79367,26.83961],[75.79478,26.85468],[75.79642,26.86596],[75.79701,26.87018],[75.79739,26.87335],[75.79617,26.87573],[75.79466,26.87729],[75.79261,26.87878],[75.79083,26.88008],[75.79116,26.88378],[75.79259,26.88713],[75.7939,26.88988],[75.79547,26.89117],[75.79696,26.8937],[75.79915,26.89535],[75.80123,26.89925],[75.80544,26.90628],[75.80924,26.9076],[75.8113,26.90512],[75.81362,26.90198],[75.80924,26.89543],[75.80767,26.89512],[75.8012,26.8984],[75.79595,26.90085],[75.79336,26.90342],[75.79307,26.90785],[75.79066,26.91223],[75.78904,26.91912],[75.78621,26.92244],[75.78438,26.92904],[75.78208,26.93042],[75.78159,26.93351],[75.77327,26.93773],[75.77033,26.9396],[75.76238,26.94278],[75.76039,26.94359],[75.75864,26.94493],[75.75705,26.9479],[75.75204,26.95218],[75.74621,26.95769],[75.74501,26.95842],[75.74352,26.95423],[75.74067,26.95235],[75.73936,26.94973],[75.73822,26.94663],[75.73752,26.94505],[75.73706,26.94234],[75.73655,26.93695],[75.73625,26.93142],[75.73526,26.92455],[75.7362,26.91952],[75.73673,26.91496],[75.73786,26.91442],[75.7381,26.91443],[75.73829,26.91295],[75.73842,26.91104],[75.73843,26.90774],[75.73899,26.90454],[75.73888,26.90077],[75.73908,26.8968],[75.73939,26.89343],[75.74097,26.89101],[75.74318,26.88914],[75.74504,26.88618],[75.74717,26.88359],[75.74801,26.88034],[75.74742,26.87667],[75.75063,26.86996],[75.75271,26.86575],[75.75465,26.8619],[75.75767,26.85717],[75.76013,26.85496],[75.76317,26.84942],[75.76467,26.84615],[75.76774,26.83943],[75.77027,26.83367],[75.77937,26.8241],[75.78585,26.82309],[75.78833,26.82197],[75.78554,26.82147],[75.78631,26.8186],[75.79079,26.82053],[75.79348,26.82509],[75.79414,26.83037],[75.79386,26.83853],[75.79364,26.8407],[75.79352,26.84528],[75.79411,26.84993],[75.79689,26.85242],[75.7992,26.85629],[75.7992,26.85629],[75.79689,26.85242],[75.79411,26.84993],[75.79352,26.84528],[75.79364,26.8407],[75.79386,26.83853],[75.79414,26.83037],[75.79348,26.82509],[75.79079,26.82053],[75.78631,26.8186],[75.783,26.81889],[75.78019,26.82075],[75.78109,26.82047],[75.78373,26.81884],[75.78821,26.81856],[75.79105,26.82379],[75.79471,26.825],[75.79401,26.83249],[75.79408,26.83905],[75.79363,26.84093],[75.79538,26.85863],[75.79474,26.86262],[75.79497,26.86422],[75.7965,26.8666],[75.79713,26.87124],[75.79896,26.87923],[75.80231,26.88631],[75.80445,26.88982],[75.80866,26.89471],[75.8125,26.89966],[75.81445,26.901],[75.81243,26.89957],[75.80796,26.89391],[75.80359,26.88866],[75.8019,26.88553],[75.79749,26.87345],[75.7971,26.87097],[75.79644,26.86616],[75.79499,26.85608],[75.79363,26.84058],[75.79389,26.83617],[75.79418,26.82961],[75.7969,26.82099],[75.7969,26.82099],[75.79418,26.82961],[75.79389,26.83617],[75.79363,26.84058],[75.79499,26.85608],[75.79644,26.86616],[75.7971,26.87097],[75.79884,26.87925],[75.80008,26.88218],[75.8018,26.88558],[75.80286,26.88769],[75.80515,26.89083],[75.80631,26.89217],[75.80958,26.89602],[75.81377,26.90243],[75.81498,26.90648],[75.81545,26.91247],[75.81064,26.91574],[75.80885,26.9164],[75.80612,26.91674],[75.80445,26.91701],[75.80135,26.91782],[75.79613,26.9196],[75.79413,26.92017],[75.78348,26.9169],[75.78154,26.91764],[75.77929,26.91955],[75.78159,26.91742],[75.78539,26.91547],[75.7882,26.91137],[75.79042,26.90842],[75.79276,26.90006],[75.79515,26.89455],[75.80039,26.89209]]}},{"type":"Feature","properties":{"route":"4A"},"geometry":{"type":"LineString","coordinates":[[75.81672,26.91454],[75.81476,26.89352],[75.82071,26.87451],[75.82265,26.86547],[75.83071,26.88391],[75.82927,26.89242],[75.83037,26.89619],[75.83034,26.88868],[75.82283,26.87433],[75.82256,26.86617],[75.82773,26.84743],[75.84676,26.8352],[75.83019,26.83599],[75.82051,26.83523],[75.80808,26.83447],[75.79397,26.83295],[75.79938,26.835],[75.81013,26.83428],[75.82113,26.83512],[75.83143,26.836],[75.86535,26.83563],[75.89967,26.84024],[75.89241,26.8603],[75.88556,26.87134],[75.87793,26.88121],[75.87013,26.88983],[75.84202,26.90036],[75.83114,26.89705],[75.81754,26.89595],[75.81101,26.88492],[75.80253,26.88673],[75.80249,26.88666],[75.8142,26.89915],[75.82319,26.90144],[75.83113,26.91083],[75.8253,26.90482],[75.81626,26.89875],[75.80604,26.89164],[75.79717,26.87162],[75.79631,26.86381],[75.81066,26.85212],[75.82077,26.84561],[75.83038,26.84296],[75.83447,26.8347],[75.82187,26.83506],[75.81206,26.83499],[75.79984,26.835],[75.79387,26.83542],[75.8019,26.84276],[75.8091,26.84628],[75.8144,26.84895],[75.82094,26.85714],[75.82255,26.87071],[75.83234,26.88204],[75.83949,26.88963],[75.84348,26.89776],[75.87026,26.8896],[75.86743,26.87401],[75.87372,26.86611],[75.87079,26.84942],[75.87018,26.83986],[75.8659,26.83564],[75.83395,26.83872],[75.82435,26.85513],[75.82035,26.87618],[75.80619,26.89204],[75.81243,26.89957],[75.82172,26.89874],[75.83753,26.90216],[75.86571,26.89326],[75.87482,26.88452],[75.88121,26.87785],[75.89196,26.86678],[75.8815,26.87752],[75.87537,26.88403],[75.86593,26.89303],[75.8418,26.89201],[75.83449,26.88446],[75.82207,26.86931],[75.79573,26.8617],[75.79389,26.83609],[75.78893,26.81858],[75.78191,26.81149],[75.78691,26.81507],[75.79306,26.82502],[75.80334,26.84026],[75.82421,26.85461],[75.823,26.87112],[75.83071,26.88391],[75.82927,26.89242],[75.83653,26.90234],[75.82995,26.89421],[75.82801,26.88637],[75.82294,26.87188],[75.82443,26.85504],[75.82946,26.84451],[75.82353,26.85944],[75.81276,26.88447],[75.8142,26.89915],[75.80785,26.91215],[75.8184,26.91645],[75.83443,26.91268],[75.85983,26.89824],[75.87068,26.88916],[75.87846,26.88069],[75.88707,26.87047],[75.89331,26.85879],[75.89942,26.83955],[75.86065,26.835],[75.85011,26.82633],[75.81088,26.82183],[75.79686,26.81881],[75.78665,26.81422],[75.78047,26.80974],[75.78822,26.81769],[75.79414,26.83037],[75.79532,26.85827],[75.7977,26.87699],[75.79435,26.88836],[75.79059,26.91099],[75.79002,26.9205],[75.80044,26.91554],[75.8143,26.90661],[75.82049,26.89926],[75.81819,26.89932],[75.80717,26.89298],[75.79739,26.87241],[75.79357,26.84268],[75.79419,26.82948],[75.79499,26.85608],[75.79888,26.87938],[75.80317,26.88825],[75.80913,26.89546],[75.82035,26.87618],[75.80737,26.88562],[75.80046,26.88298],[75.79644,26.86616],[75.79389,26.83609],[75.78893,26.81858],[75.78839,26.81847],[75.78896,26.8185],[75.7873,26.81854],[75.79401,26.83249],[75.79628,26.8649],[75.79942,26.88082],[75.80459,26.89016],[75.81377,26.90243],[75.8227,26.91416],[75.83593,26.91129],[75.84345,26.89671],[75.83871,26.8888],[75.82344,26.87708],[75.80684,26.87602],[75.79679,26.86865],[75.80167,26.8616],[75.81017,26.84651],[75.81481,26.84423],[75.81769,26.84982],[75.81697,26.84692],[75.81963,26.85331],[75.82256,26.86617],[75.82283,26.87433],[75.83685,26.88683],[75.84333,26.89422],[75.85887,26.89367],[75.8345,26.91261],[75.81852,26.91643],[75.80736,26.9186],[75.79987,26.92247],[75.80271,26.91393],[75.81458,26.90504],[75.80607,26.89188],[75.8015,26.88499],[75.79679,26.86865],[75.79411,26.83878],[75.79079,26.82053],[75.78275,26.81414],[75.78802,26.81695],[75.79418,26.82961],[75.81378,26.84217],[75.82265,26.86547],[75.82293,26.87403],[75.83591,26.88587],[75.8431,26.89356],[75.84356,26.899],[75.8398,26.88994],[75.83273,26.88248],[75.82298,26.87088],[75.82445,26.85303],[75.80052,26.83762],[75.79408,26.83905],[75.79689,26.86938],[75.80253,26.88673],[75.8145,26.89911],[75.82694,26.89661],[75.84153,26.90292],[75.83613,26.90194],[75.81943,26.8997],[75.81051,26.89698],[75.79914,26.87971],[75.79607,26.86408],[75.80991,26.85306],[75.82049,26.84588],[75.8299,26.84285],[75.84295,26.83513],[75.86365,26.83878],[75.87752,26.84326],[75.88995,26.85137],[75.89331,26.85879]]}},{"type":"Feature","properties":{"route":"6A"},"geometry":{"type":"LineString","coordinates":[[75.8067,26.88674],[75.8101,26.88513],[75.81501,26.88401],[75.82047,26.87512],[75.82243,26.86635],[75.8202,26.85909],[75.81804,26.8565],[75.81265,26.85796],[75.80854,26.86767],[75.80196,26.86817],[75.79968,26.87303],[75.79674,26.88058],[75.79534,26.8851],[75.7939,26.88988],[75.79246,26.89468],[75.79044,26.90878],[75.79001,26.91812],[75.78678,26.92108],[75.78438,26.92904],[75.78121,26.9307],[75.77584,26.93717],[75.77079,26.93953],[75.76239,26.94284],[75.75964,26.9441],[75.75669,26.9449],[75.75416,26.94575],[75.75171,26.94682],[75.74889,26.94733],[75.74658,26.94868],[75.74355,26.94902],[75.74225,26.9514],[75.74486,26.94882],[75.74731,26.9484],[75.74982,26.94738],[75.75276,26.94645],[75.75483,26.94551],[75.75756,26.94413],[75.76039,26.94359],[75.76361,26.94262],[75.77288,26.93865],[75.78166,26.93379],[75.78306,26.93027],[75.78488,26.92521],[75.78831,26.91979],[75.79066,26.91223],[75.79031,26.90377],[75.79338,26.89162],[75.79504,26.88827],[75.79621,26.88655],[75.79629,26.88369],[75.79474,26.88111],[75.79298,26.8781],[75.79083,26.88008],[75.79165,26.88516],[75.7934,26.88951],[75.79476,26.89123],[75.79807,26.89317],[75.80062,26.8982],[75.80424,26.90496],[75.80924,26.9076],[75.81379,26.90406],[75.81143,26.89845],[75.80854,26.89476],[75.80108,26.89864],[75.79379,26.90196],[75.79402,26.90737],[75.79604,26.91114],[75.79685,26.91393],[75.79507,26.91675],[75.79479,26.92],[75.7934,26.92387],[75.79316,26.92794],[75.79407,26.93469],[75.78849,26.93895],[75.7912,26.94091],[75.79018,26.93971],[75.79255,26.93566],[75.79351,26.93031],[75.7934,26.92387],[75.79655,26.91956],[75.80092,26.91691],[75.80317,26.91353],[75.80044,26.91554],[75.79849,26.91879],[75.79401,26.92068],[75.7906,26.92459],[75.78438,26.92904],[75.78121,26.9307],[75.77584,26.93717],[75.77079,26.93953],[75.76212,26.94279],[75.75747,26.94327],[75.75456,26.94298],[75.74755,26.94364],[75.7467,26.94252],[75.74519,26.9404],[75.74384,26.93743],[75.73992,26.93702],[75.73948,26.93487],[75.73607,26.9334],[75.73193,26.93246],[75.73051,26.92877],[75.73067,26.93235],[75.73435,26.93272],[75.73936,26.93382],[75.74927,26.93481],[75.75577,26.93589],[75.75985,26.93951],[75.76194,26.93907],[75.76233,26.94161],[75.77185,26.93937],[75.77867,26.93499],[75.7814,26.93056],[75.78469,26.92897],[75.78774,26.92033],[75.79082,26.91388],[75.79042,26.90842],[75.79275,26.89366],[75.79435,26.88836],[75.79544,26.88477],[75.79685,26.8802],[75.79737,26.87318],[75.79679,26.86865],[75.79515,26.85719],[75.79367,26.83961],[75.79397,26.83295],[75.79555,26.82152],[75.80241,26.82098],[75.80653,26.82188],[75.79923,26.81971],[75.79422,26.82877],[75.79389,26.83617],[75.79364,26.8408],[75.79628,26.8649],[75.79701,26.87018],[75.79896,26.87923],[75.80249,26.88666],[75.80619,26.89182],[75.81243,26.89957],[75.81353,26.90144],[75.80909,26.90602],[75.8041,26.91149],[75.80211,26.91438],[75.80105,26.91792],[75.79479,26.92],[75.7915,26.92707],[75.78513,26.93171],[75.78588,26.93868],[75.78143,26.9398],[75.7859,26.93889],[75.78482,26.93193],[75.78501,26.92349],[75.78848,26.91965],[75.79064,26.91183],[75.79065,26.90215],[75.79344,26.89142],[75.79474,26.88707],[75.79583,26.88329],[75.79757,26.87742],[75.79734,26.87203],[75.79661,26.86644],[75.79477,26.85356],[75.79435,26.84707],[75.80124,26.84466],[75.80309,26.84093],[75.80742,26.83641],[75.8054,26.83894],[75.80166,26.8421],[75.79791,26.84577],[75.79411,26.84993],[75.79543,26.85806],[75.79688,26.8684],[75.79739,26.87335],[75.79674,26.88058],[75.79534,26.8851],[75.7939,26.88988],[75.79246,26.89468],[75.79044,26.90878],[75.79001,26.91812],[75.78678,26.92108],[75.78438,26.92904],[75.78121,26.9307],[75.77584,26.93717],[75.77185,26.93937],[75.77867,26.93499],[75.7814,26.93056],[75.78469,26.92897],[75.78774,26.92033],[75.79082,26.91388],[75.79042,26.90842],[75.79275,26.89366],[75.79435,26.88836],[75.79544,26.88477],[75.79685,26.8802],[75.80003,26.87168],[75.80361,26.86492],[75.80006,26.87156],[75.79896,26.87923],[75.80249,26.88666],[75.80529,26.891],[75.80854,26.89476],[75.81239,26.89974],[75.81498,26.90648],[75.81214,26.91353],[75.80989,26.91625],[75.80639,26.91669],[75.804,26.91708],[75.80021,26.91821],[75.79442,26.9201],[75.78348,26.9169],[75.78081,26.91891],[75.78081,26.91891],[75.78516,26.91604],[75.78854,26.91097],[75.79065,26.90215],[75.79363,26.89452],[75.80039,26.89209]]}},{"type":"Feature","properties":{"route":"7"},"geometry":{"type":"LineString","coordinates":[[75.8067,26.88674],[75.79644,26.86616],[75.79345,26.84428],[75.81666,26.84263],[75.83737,26.83502],[75.86115,26.84748],[75.8738,26.84933],[75.86685,26.83226],[75.86542,26.81645],[75.84771,26.82311],[75.81089,26.82113],[75.79297,26.82814],[75.7879,26.83824],[75.75402,26.86315],[75.73943,26.88008],[75.75406,26.86306],[75.7649,26.84564],[75.78538,26.8187],[75.80377,26.80977],[75.81683,26.78899],[75.80564,26.80728],[75.7873,26.81854],[75.76737,26.84025],[75.75509,26.86097],[75.7428,26.88009],[75.72934,26.90915],[75.74362,26.915],[75.76611,26.9178],[75.79479,26.92],[75.80885,26.9164],[75.82665,26.91496],[75.85983,26.89824],[75.87508,26.88425],[75.88556,26.87134],[75.89708,26.85232],[75.87673,26.84152],[75.85462,26.83567],[75.83807,26.82405],[75.82707,26.84798],[75.82402,26.86949],[75.81224,26.8844],[75.79692,26.88604],[75.79049,26.87794],[75.78679,26.86196],[75.79882,26.84985],[75.81352,26.8444],[75.82504,26.83969],[75.81129,26.85137],[75.78059,26.87114],[75.75124,26.87937],[75.73173,26.89596],[75.71687,26.89774],[75.72063,26.89781],[75.73518,26.89177],[75.75127,26.86865],[75.76317,26.84942],[75.78095,26.82092],[75.79952,26.81555],[75.80194,26.80757],[75.79507,26.83616],[75.82388,26.85719],[75.82235,26.87585],[75.82213,26.8695],[75.80553,26.84095],[75.80237,26.81515],[75.79386,26.83853],[75.78721,26.8547],[75.78059,26.87114],[75.79166,26.87907],[75.81027,26.87527],[75.83729,26.88726],[75.84362,26.89976],[75.87736,26.88586],[75.86897,26.89097],[75.84109,26.90699],[75.81767,26.91657],[75.80445,26.91701],[75.77878,26.91634],[75.75311,26.92142],[75.73122,26.92086],[75.73407,26.92056],[75.75421,26.92119],[75.77678,26.91094],[75.79772,26.90004],[75.8199,26.87804],[75.82452,26.85265],[75.79418,26.82961],[75.80943,26.80892],[75.79419,26.82948],[75.7965,26.8666],[75.81073,26.88616],[75.81295,26.88683],[75.79689,26.86938],[75.79418,26.82961],[75.81037,26.80636],[75.81191,26.80592],[75.79456,26.82566],[75.7965,26.8666],[75.79387,26.87787],[75.79639,26.86493],[75.81326,26.84883],[75.81366,26.84845],[75.79041,26.8636],[75.76375,26.88008],[75.75967,26.87317],[75.77793,26.87513],[75.78548,26.88707],[75.79387,26.88996],[75.80424,26.90496],[75.81532,26.89898],[75.82139,26.8717],[75.83272,26.85525],[75.82035,26.87618],[75.80515,26.89083],[75.79303,26.88925],[75.78372,26.88913],[75.77345,26.88787],[75.7728,26.88668],[75.78185,26.88965],[75.7912,26.88818],[75.80317,26.88825],[75.81413,26.88822],[75.81359,26.88859],[75.82624,26.8601],[75.8231,26.87347],[75.82,26.88994],[75.79336,26.90342],[75.78488,26.92521],[75.77036,26.93967],[75.75549,26.95094],[75.75705,26.9479],[75.77288,26.93865],[75.78547,26.91777],[75.7882,26.90161],[75.78056,26.89335],[75.76729,26.88346],[75.7439,26.87566],[75.73532,26.87344],[75.73498,26.88767],[75.76898,26.9002],[75.78397,26.91096],[75.77806,26.93187],[75.7573,26.93715],[75.73848,26.92314],[75.73792,26.91442],[75.73899,26.90546],[75.74113,26.8907],[75.74742,26.87667],[75.75879,26.85615],[75.77029,26.83364],[75.78563,26.81961],[75.79408,26.83905],[75.79894,26.85623],[75.77652,26.87355],[75.75431,26.88923],[75.74306,26.89805],[75.73846,26.91065],[75.73423,26.91565],[75.73022,26.92333],[75.73802,26.91443],[75.74124,26.90512],[75.74639,26.89348],[75.77372,26.87669],[75.7932,26.86364],[75.76178,26.87963],[75.73443,26.88136],[75.73289,26.88615],[75.73922,26.89684],[75.73602,26.90831],[75.7389,26.90252],[75.7437,26.88829],[75.74943,26.87245],[75.7611,26.85392],[75.77408,26.8297],[75.78687,26.81183],[75.79035,26.79569],[75.78519,26.81271],[75.7701,26.83423],[75.75858,26.85634],[75.74694,26.87725],[75.72925,26.90198],[75.74163,26.90566],[75.75351,26.90284],[75.77651,26.90218],[75.81346,26.90125],[75.80175,26.8852],[75.79364,26.8408],[75.79555,26.82152],[75.79386,26.84976],[75.78509,26.86713],[75.77731,26.88117],[75.78502,26.88623],[75.79371,26.88978],[75.80293,26.90269],[75.80973,26.91627],[75.79528,26.91986],[75.78154,26.91764],[75.79614,26.91514],[75.81583,26.91114],[75.83102,26.90373],[75.82041,26.90128],[75.80619,26.89204],[75.78935,26.89197],[75.77129,26.89061],[75.75826,26.88745],[75.75,26.88139],[75.74886,26.88131]]}},{"type":"Feature","properties":{"route":"9A"},"geometry":{"type":"LineString","coordinates":[[75.78452,26.96232],[75.78712,26.95963],[75.79696,26.94827],[75.79952,26.9432],[75.80255,26.93725],[75.80482,26.93294],[75.80748,26.93029],[75.81057,26.92594],[75.81018,26.91899],[75.8058,26.90797],[75.80423,26.89671],[75.80607,26.89188],[75.80659,26.88722],[75.80228,26.89046],[75.79596,26.89414],[75.79065,26.90215],[75.79001,26.91812],[75.78503,26.92343],[75.78528,26.93499],[75.78921,26.94079],[75.78779,26.94634],[75.78572,26.94853],[75.78265,26.951],[75.77959,26.95559],[75.77264,26.95901],[75.77021,26.96311],[75.76538,26.96572],[75.76061,26.96874],[75.75754,26.97259],[75.75383,26.97364],[75.75778,26.97254],[75.76288,26.97028],[75.76968,26.97083],[75.78177,26.96945],[75.79162,26.96553],[75.79215,26.96089],[75.79449,26.95282],[75.79699,26.94516],[75.79883,26.94006],[75.79539,26.93643],[75.79331,26.92864],[75.7941,26.92071],[75.79042,26.91771],[75.79051,26.90955],[75.7932,26.89223],[75.79579,26.88797],[75.79573,26.88561],[75.7931,26.88163],[75.79097,26.87802],[75.78812,26.87342],[75.78676,26.8613],[75.78305,26.85233],[75.777,26.84725],[75.78114,26.83891],[75.77701,26.84738],[75.78329,26.85234],[75.78679,26.86196],[75.78815,26.87386],[75.79081,26.8793],[75.79181,26.88557],[75.79435,26.89018],[75.79348,26.89696],[75.79397,26.90565],[75.79628,26.91135],[75.80151,26.91826],[75.80721,26.92496],[75.8077,26.92953],[75.80765,26.9337],[75.80629,26.93972],[75.80674,26.94267],[75.80675,26.94669],[75.80719,26.94968],[75.80649,26.94732],[75.80727,26.94293],[75.80614,26.93999],[75.8078,26.93432],[75.80709,26.93097],[75.80803,26.92612],[75.80656,26.92167],[75.80101,26.91695],[75.79528,26.9099],[75.79327,26.90314],[75.79361,26.89518],[75.79382,26.88983],[75.79116,26.88378],[75.79178,26.87904],[75.79083,26.88008],[75.79256,26.88708],[75.79421,26.89109],[75.7987,26.89443],[75.80369,26.9041],[75.80919,26.90739],[75.81239,26.89974],[75.80924,26.89543],[75.81294,26.90442],[75.80974,26.91585],[75.80907,26.92022],[75.80905,26.92727],[75.80596,26.93201],[75.80374,26.9345],[75.80225,26.93905],[75.79851,26.94577],[75.79128,26.95826],[75.78473,26.96067],[75.78053,26.96506],[75.77722,26.9691],[75.77249,26.97085],[75.76942,26.97314],[75.76488,26.97453],[75.76601,26.97453],[75.7712,26.97463],[75.77748,26.97152],[75.7901,26.96523],[75.79094,26.95967],[75.79648,26.95268],[75.80115,26.94998],[75.80452,26.94589],[75.80672,26.94407],[75.80708,26.94043],[75.808,26.93501],[75.80708,26.93162],[75.80854,26.92693],[75.80766,26.9229],[75.80639,26.91599],[75.80445,26.9106],[75.79765,26.89991],[75.79696,26.8937],[75.79387,26.88996],[75.7957,26.88379],[75.79759,26.87554],[75.79679,26.86773],[75.79601,26.86167],[75.7992,26.85796],[75.7953,26.86255],[75.79642,26.86596],[75.79737,26.87318],[75.79609,26.88228],[75.79452,26.88783],[75.79228,26.89636],[75.79066,26.91223],[75.79104,26.9184],[75.7935,26.92341],[75.79533,26.93118],[75.7969,26.9348],[75.80072,26.9383],[75.80078,26.9417],[75.80278,26.9368],[75.80487,26.93286],[75.80742,26.92989],[75.81026,26.92478],[75.81107,26.91883],[75.81615,26.91276],[75.81434,26.90379],[75.81208,26.89908],[75.80279,26.88729],[75.79749,26.87345],[75.7965,26.8666],[75.79168,26.85763],[75.78721,26.8547],[75.78545,26.84895],[75.78691,26.86357],[75.78871,26.87504],[75.79083,26.88008],[75.79256,26.88708],[75.79421,26.89109],[75.79348,26.89742],[75.79402,26.90737],[75.79867,26.91357],[75.80211,26.91956],[75.8011,26.92526],[75.80395,26.9241],[75.80628,26.92178],[75.80979,26.91954],[75.81125,26.91553],[75.80907,26.92022],[75.80905,26.92727],[75.80596,26.93201],[75.80374,26.9345],[75.80077,26.93834],[75.79715,26.94348],[75.79331,26.94837],[75.78617,26.95095],[75.7819,26.95427],[75.77833,26.95238],[75.77877,26.94548],[75.78515,26.94046],[75.78482,26.93193],[75.7871,26.9217],[75.79066,26.91223],[75.79228,26.89636],[75.78649,26.88887],[75.78449,26.88457],[75.78077,26.87903],[75.77764,26.87476],[75.77284,26.86501],[75.77326,26.85458],[75.76816,26.84928],[75.76656,26.84797],[75.76679,26.85352],[75.76255,26.86253],[75.76184,26.86626],[75.76443,26.87338],[75.7666,26.87788],[75.76733,26.88265],[75.76908,26.89109],[75.77119,26.89776],[75.77585,26.90483],[75.77909,26.91279],[75.78068,26.91606],[75.77929,26.91955],[75.78516,26.91604],[75.78967,26.90896],[75.79352,26.89451],[75.80039,26.89209]]}},{"type":"Feature","properties":{"route":"AC1"},"geometry":{"type":"LineString","coordinates":[[75.8067,26.88674],[75.81198,26.89918],[75.81604,26.91236],[75.81866,26.92445],[75.82114,26.93398],[75.82537,26.93731],[75.83106,26.94299],[75.83738,26.94898],[75.83884,26.95436],[75.83864,26.95917],[75.83892,26.95334],[75.83537,26.94638],[75.82948,26.94047],[75.82461,26.93579],[75.82039,26.93258],[75.81775,26.92184],[75.81516,26.90775],[75.80913,26.89546],[75.80291,26.88779],[75.79938,26.88071],[75.79644,26.86616],[75.79352,26.84528],[75.79355,26.84563],[75.7965,26.8666],[75.79962,26.88096],[75.80876,26.89482],[75.81699,26.89894],[75.8222,26.90581],[75.82545,26.91519],[75.82986,26.92718],[75.8336,26.93569],[75.84016,26.9465],[75.84568,26.96199],[75.85857,26.98848],[75.85638,26.98854],[75.84548,26.96652],[75.84145,26.95068],[75.83631,26.93863],[75.83079,26.92931],[75.82732,26.91742],[75.82311,26.90807],[75.81965,26.90024],[75.81285,26.89941],[75.80249,26.88666],[75.79701,26.87018],[75.79364,26.8408],[75.79408,26.82948],[75.79369,26.83905],[75.7965,26.8666],[75.79942,26.88082],[75.80317,26.88825],[75.80936,26.89575],[75.81538,26.90844],[75.82043,26.91603],[75.81422,26.90383],[75.80619,26.89204],[75.80215,26.88629],[75.79737,26.87318],[75.79515,26.85719],[75.79397,26.83295],[75.79081,26.81977],[75.78432,26.81462],[75.78838,26.81856],[75.79414,26.83037],[75.79465,26.85356],[75.79717,26.87162],[75.80159,26.88517],[75.80593,26.89172],[75.81377,26.90243],[75.81685,26.91672],[75.81873,26.92558],[75.82246,26.9345],[75.82645,26.93833],[75.83287,26.94463],[75.83156,26.94353],[75.8259,26.93769],[75.82126,26.93403],[75.81873,26.92477],[75.81615,26.91276],[75.81231,26.89964],[75.80515,26.89083],[75.80044,26.88605],[75.80132,26.88578],[75.81101,26.88492],[75.82099,26.87291],[75.82449,26.85474],[75.83309,26.83991],[75.85054,26.8355],[75.8506,26.8381],[75.83355,26.835],[75.82349,26.83465],[75.81522,26.83501],[75.80529,26.83452],[75.79389,26.83617],[75.79628,26.8649],[75.79759,26.87554],[75.79313,26.87859],[75.79171,26.88532],[75.79547,26.89117],[75.80053,26.8985],[75.80924,26.9076],[75.8104,26.89705],[75.81402,26.90314],[75.81645,26.91681],[75.81897,26.92652],[75.82266,26.93458],[75.82653,26.93864],[75.83326,26.94491],[75.83824,26.95021],[75.83656,26.94783],[75.82974,26.94155],[75.82501,26.93732],[75.8207,26.9337],[75.81545,26.93312],[75.81042,26.93206],[75.80142,26.93418],[75.79439,26.93495],[75.7838,26.94088],[75.75659,26.95053],[75.74543,26.95835],[75.76178,26.94857],[75.78599,26.93954],[75.79533,26.93453],[75.80399,26.93353],[75.8113,26.93231],[75.81614,26.93353],[75.82126,26.93403],[75.8259,26.93769],[75.83156,26.94353],[75.83779,26.94932],[75.84024,26.9555],[75.84497,26.96085],[75.8554,26.98833],[75.86233,26.99003],[75.8477,26.96496],[75.84227,26.95402],[75.83947,26.94396],[75.83525,26.93774],[75.8315,26.93053],[75.82797,26.91945],[75.82334,26.90848],[75.81993,26.90066],[75.81358,26.89929],[75.80257,26.88681],[75.79713,26.87124],[75.79357,26.84268],[75.79418,26.82961],[75.78821,26.81856],[75.7884,26.82122],[75.78838,26.81856],[75.79414,26.83037],[75.79345,26.84428],[75.79735,26.85235],[75.79579,26.86005],[75.79628,26.8649],[75.79888,26.87938],[75.80239,26.88676],[75.80803,26.89419],[75.81458,26.90504],[75.81724,26.91987],[75.82009,26.93146],[75.82435,26.93528],[75.82774,26.94035],[75.8345,26.94523],[75.83764,26.94594],[75.83156,26.94353],[75.8259,26.93769],[75.82126,26.93403],[75.81873,26.92477],[75.81615,26.91276],[75.81353,26.90144],[75.81996,26.91371],[75.8266,26.92285],[75.83055,26.93099],[75.82774,26.92603],[75.82529,26.91512],[75.82206,26.90532],[75.81638,26.89889],[75.80866,26.89471],[75.79931,26.88018],[75.79644,26.86616],[75.79408,26.83905],[75.79719,26.82105],[75.79387,26.83542],[75.79532,26.85827],[75.79739,26.87335],[75.8023,26.88657],[75.80631,26.89217],[75.81424,26.90393],[75.81672,26.91775],[75.8195,26.9291],[75.82328,26.93484],[75.82461,26.93579],[75.82039,26.93258],[75.81801,26.92316],[75.81363,26.91678],[75.81996,26.92344],[75.82597,26.92319],[75.81176,26.92612],[75.80124,26.92313],[75.78528,26.91714],[75.78041,26.91936],[75.7882,26.91137],[75.79352,26.89451],[75.80039,26.89209]]}},{"type":"Feature","properties":{"route":"AC2"},"geometry":{"type":"LineString","coordinates":[[75.8067,26.88674],[75.79896,26.87923],[75.79637,26.86562],[75.79351,26.84506],[75.79364,26.8407],[75.79408,26.82948],[75.79908,26.81615],[75.80684,26.80565],[75.81588,26.79356],[75.81665,26.79181],[75.80844,26.80355],[75.8005,26.81415],[75.7913,26.81867],[75.78095,26.82092],[75.76815,26.83854],[75.76211,26.85176],[75.75543,26.86028],[75.75002,26.87122],[75.74768,26.88194],[75.74318,26.88914],[75.73927,26.89452],[75.73896,26.90315],[75.7384,26.91135],[75.73792,26.91442],[75.7362,26.92027],[75.73626,26.93342],[75.73752,26.94505],[75.7397,26.95033],[75.74486,26.94882],[75.74943,26.94749],[75.7542,26.94574],[75.75964,26.9441],[75.77033,26.9396],[75.78109,26.93126],[75.78589,26.92269],[75.79059,26.91099],[75.79344,26.89142],[75.79621,26.88655],[75.79918,26.88019],[75.79644,26.86616],[75.79369,26.83905],[75.79916,26.81619],[75.80287,26.80813],[75.80161,26.80739],[75.80446,26.8126],[75.7998,26.81531],[75.78838,26.81856],[75.7799,26.82302],[75.7587,26.85645],[75.74828,26.88172],[75.74654,26.88822],[75.74639,26.89348],[75.74373,26.89991],[75.74329,26.90799],[75.74358,26.9172],[75.74648,26.92649],[75.75412,26.93782],[75.74905,26.92912],[75.74456,26.92288],[75.74381,26.91229],[75.74401,26.90317],[75.74538,26.89504],[75.74707,26.8906],[75.7475,26.88511],[75.74762,26.87671],[75.76911,26.83661],[75.78429,26.8188],[75.79599,26.81875],[75.80317,26.81084],[75.80943,26.80892],[75.80306,26.81083],[75.79408,26.83137],[75.79916,26.81619],[75.80666,26.80678],[75.81223,26.80486],[75.81246,26.80469],[75.80741,26.80655],[75.7998,26.81531],[75.79411,26.83878],[75.79637,26.86562],[75.79759,26.87554],[75.79298,26.8781],[75.7975,26.8749],[75.79638,26.8649],[75.80589,26.85842],[75.81426,26.84834],[75.81892,26.84469],[75.82353,26.85944],[75.81879,26.88259],[75.81476,26.89352],[75.81394,26.90263],[75.80909,26.90602],[75.80876,26.89482],[75.80013,26.89888],[75.79307,26.90785],[75.78769,26.92027],[75.78486,26.93224],[75.79053,26.93987],[75.78782,26.93866],[75.76108,26.94333],[75.75685,26.94542],[75.7503,26.9527],[75.74724,26.95468],[75.74725,26.94781],[75.75247,26.94304],[75.76051,26.94257],[75.77322,26.93846],[75.77984,26.92649],[75.78542,26.91708],[75.79035,26.90705],[75.79435,26.88836],[75.79674,26.88058],[75.79695,26.8698],[75.79364,26.8408],[75.79419,26.82948],[75.78821,26.81856],[75.7884,26.82122],[75.7873,26.81854],[75.79422,26.82877],[75.79364,26.8407],[75.79475,26.85276],[75.7992,26.85796],[75.78504,26.86699],[75.76979,26.87888],[75.75577,26.88688],[75.74982,26.89085],[75.74457,26.89638],[75.74188,26.90293],[75.73856,26.90921],[75.7381,26.91443],[75.73629,26.91598],[75.73611,26.93016],[75.73621,26.94054],[75.73394,26.94542],[75.73394,26.94542],[75.73621,26.94054],[75.73611,26.93016],[75.73629,26.91598],[75.7381,26.91443],[75.73856,26.90921],[75.74188,26.90293],[75.74457,26.89638],[75.74982,26.89085],[75.75577,26.88688],[75.78043,26.87143],[75.7932,26.86364],[75.79689,26.86938],[75.79685,26.8802],[75.79452,26.88783],[75.79031,26.90377],[75.78848,26.91965],[75.78349,26.92927],[75.77327,26.93773],[75.76182,26.94072],[75.75737,26.9372],[75.74595,26.92577],[75.7436,26.91545],[75.74322,26.90752],[75.74394,26.8983],[75.74615,26.89326],[75.74682,26.88782],[75.74836,26.88127],[75.76107,26.85434],[75.78075,26.82133],[75.78455,26.81285],[75.78852,26.80962],[75.79071,26.79392],[75.78938,26.80537],[75.78917,26.81555],[75.79462,26.82499],[75.79369,26.83912],[75.7965,26.8666],[75.79931,26.88018],[75.80796,26.89391],[75.81394,26.90263],[75.8041,26.91149],[75.80118,26.91766],[75.79218,26.92586],[75.78566,26.93755],[75.78515,26.94046],[75.78897,26.9289],[75.79716,26.92129],[75.79345,26.92317],[75.78438,26.92904],[75.77867,26.93499],[75.77397,26.93764],[75.78385,26.92913],[75.78923,26.91897],[75.7911,26.90062],[75.79474,26.88707],[75.79734,26.87827],[75.79666,26.8677],[75.79367,26.83961],[75.79471,26.825],[75.79418,26.82961],[75.79363,26.84093],[75.79701,26.87018],[75.80051,26.88309],[75.80436,26.88988],[75.8104,26.89705],[75.81527,26.9085],[75.80885,26.9164],[75.80357,26.91715],[75.79423,26.92018],[75.79193,26.91874],[75.77929,26.91955],[75.78669,26.91316],[75.79195,26.90078],[75.80039,26.89209]]}},{"type":"Feature","properties":{"route":"AC3"},"geometry":{"type":"LineString","coordinates":[[75.81672,26.91454],[75.82118,26.91883],[75.82657,26.92311],[75.81873,26.92477],[75.81067,26.92634],[75.8038,26.92884],[75.79634,26.93075],[75.78486,26.93224],[75.78612,26.93913],[75.77841,26.94106],[75.77462,26.94104],[75.77761,26.94115],[75.78515,26.94046],[75.79255,26.93566],[75.7954,26.93384],[75.80091,26.93107],[75.80811,26.92696],[75.81699,26.92504],[75.81793,26.9225],[75.81685,26.91672],[75.81513,26.90755],[75.81239,26.89974],[75.80803,26.89419],[75.80459,26.89016],[75.8023,26.88657],[75.80008,26.88218],[75.79728,26.87243],[75.7965,26.8666],[75.79465,26.85356],[75.79411,26.83878],[75.79251,26.83533],[75.79269,26.83523],[75.79408,26.83905],[75.7935,26.84495],[75.79386,26.84976],[75.78762,26.85188],[75.78638,26.85561],[75.78684,26.85474],[75.78962,26.85141],[75.79352,26.84528],[75.79369,26.83912],[75.79408,26.83137],[75.7998,26.81531],[75.80421,26.81526],[75.80681,26.81408],[75.80909,26.81329],[75.81186,26.81311],[75.81503,26.81236],[75.81808,26.81136],[75.82213,26.81123],[75.82539,26.80919],[75.83486,26.80909],[75.83965,26.80106],[75.84348,26.80131],[75.84426,26.80738],[75.84554,26.81007],[75.84507,26.81633],[75.84624,26.81985],[75.84649,26.82526],[75.84409,26.82924],[75.83319,26.83961],[75.82461,26.85214],[75.82353,26.85944],[75.82073,26.87401],[75.81501,26.88401],[75.81218,26.88417],[75.80791,26.87579],[75.80616,26.87467],[75.80015,26.87358],[75.79914,26.87971],[75.80257,26.88681],[75.80242,26.88652],[75.79749,26.87345],[75.79689,26.86938],[75.7965,26.8666],[75.79725,26.87105],[75.7977,26.87699],[75.79583,26.88329],[75.79461,26.8875],[75.79547,26.89117],[75.79665,26.89445],[75.79912,26.89921],[75.7965,26.89414],[75.79476,26.89123],[75.79474,26.88707],[75.79598,26.88266],[75.7978,26.87648],[75.79701,26.87018],[75.79538,26.85863],[75.79363,26.84058],[75.79397,26.83295],[75.79419,26.82948],[75.79411,26.83878],[75.79465,26.85356],[75.7965,26.8666],[75.79728,26.87243],[75.80008,26.88218],[75.8023,26.88657],[75.80459,26.89016],[75.8068,26.89273],[75.81198,26.89918],[75.81458,26.90504],[75.81527,26.9085],[75.81402,26.90314],[75.80913,26.89546],[75.80566,26.89141],[75.80245,26.88686],[75.80057,26.8832],[75.79884,26.87925],[75.79689,26.86938],[75.79515,26.85719],[75.79679,26.86865],[75.79739,26.87335],[75.79662,26.88101],[75.79514,26.88577],[75.79435,26.89018],[75.7936,26.89534],[75.79354,26.90212],[75.79409,26.90792],[75.7962,26.91147],[75.80135,26.91782],[75.80041,26.92202],[75.8023,26.92809],[75.80128,26.9308],[75.79551,26.93378],[75.79339,26.93511],[75.79195,26.93605],[75.79465,26.93428],[75.79997,26.93175],[75.80387,26.92888],[75.80253,26.92821],[75.80005,26.92253],[75.80139,26.91791],[75.79867,26.91357],[75.79418,26.90807],[75.79336,26.90238],[75.79357,26.89597],[75.79411,26.89107],[75.79503,26.88611],[75.79634,26.88159],[75.7975,26.8749],[75.79689,26.86938],[75.79515,26.85719],[75.79369,26.83912],[75.79408,26.83137],[75.7998,26.81531],[75.80377,26.80977],[75.80844,26.80355],[75.8098,26.80172],[75.80564,26.80728],[75.80127,26.81328],[75.79422,26.82877],[75.79386,26.83853],[75.79357,26.84268],[75.79644,26.86616],[75.79722,26.87201],[75.79982,26.88168],[75.80215,26.88629],[75.80436,26.88988],[75.8068,26.89273],[75.80958,26.89602],[75.80599,26.89178],[75.80291,26.88779],[75.80153,26.88505],[75.80008,26.88218],[75.79728,26.87243],[75.7965,26.8666],[75.79465,26.85356],[75.79411,26.83878],[75.79419,26.82948],[75.79105,26.82379],[75.78567,26.81867],[75.78452,26.81638],[75.78838,26.81856],[75.79306,26.82502],[75.79401,26.83249],[75.79367,26.83961],[75.79532,26.85827],[75.79515,26.85719],[75.79369,26.83912],[75.79408,26.83137],[75.7998,26.81531],[75.80377,26.80977],[75.80837,26.80364],[75.80564,26.80728],[75.8005,26.81415],[75.7943,26.82625],[75.79388,26.83251],[75.79369,26.83912],[75.79515,26.85719],[75.79689,26.86938],[75.7975,26.8749],[75.79634,26.88159],[75.79503,26.88611],[75.79362,26.89081],[75.79065,26.90215],[75.79079,26.91372],[75.79027,26.91819],[75.79401,26.92068],[75.79301,26.9272],[75.79418,26.93461],[75.7936,26.93094],[75.79302,26.92554],[75.79196,26.91868],[75.79066,26.9173],[75.79059,26.91099],[75.79228,26.89636],[75.79435,26.89018],[75.79786,26.88108],[75.799,26.87934]]}},{"type":"Feature","properties":{"route":"AC5"},"geometry":{"type":"LineString","coordinates":[[75.77014,26.84157],[75.77736,26.84797],[75.78759,26.85465],[75.7965,26.8666],[75.80153,26.88505],[75.80803,26.89419],[75.81583,26.91114],[75.80828,26.91646],[75.79849,26.91879],[75.77504,26.91583],[75.75412,26.9212],[75.73946,26.92007],[75.72486,26.9216],[75.73487,26.92049],[75.75102,26.92198],[75.77273,26.91561],[75.79525,26.9211],[75.80981,26.92702],[75.81417,26.93285],[75.82114,26.93398],[75.82669,26.93922],[75.83564,26.94657],[75.84044,26.95733],[75.8477,26.96496],[75.84556,26.96176],[75.83777,26.94036],[75.82824,26.92823],[75.81489,26.92546],[75.81817,26.92479],[75.80471,26.92203],[75.78694,26.91224],[75.77841,26.90514],[75.78681,26.90269],[75.79534,26.8851],[75.79931,26.88018],[75.80057,26.8832],[75.79313,26.87859],[75.77999,26.8817],[75.76375,26.88008],[75.78195,26.87473],[75.79079,26.87141],[75.79717,26.87162],[75.79725,26.87105],[75.80717,26.89298],[75.81932,26.8998],[75.82404,26.91095],[75.82986,26.92718],[75.83525,26.93774],[75.82842,26.93611],[75.8207,26.9337],[75.81356,26.93269],[75.80684,26.92445],[75.79592,26.91508],[75.77526,26.90335],[75.76888,26.89112],[75.76729,26.88346],[75.77229,26.89877],[75.77443,26.91325],[75.78733,26.91235],[75.77355,26.91569],[75.78177,26.90963],[75.79807,26.8973],[75.79371,26.88978],[75.7903,26.87757],[75.78653,26.85772],[75.77694,26.8462],[75.77028,26.84083],[75.77692,26.84532],[75.78629,26.85406],[75.7948,26.85833],[75.79962,26.88096],[75.81358,26.89929],[75.82174,26.90433],[75.82682,26.91553],[75.83242,26.93239],[75.83834,26.94133],[75.84147,26.95134],[75.83778,26.94051],[75.83785,26.94047],[75.84558,26.9618],[75.8418,26.95829],[75.83779,26.94932],[75.82882,26.94059],[75.82266,26.93458],[75.81545,26.93312],[75.81039,26.92883],[75.79995,26.92274],[75.77504,26.91583],[75.75412,26.9212],[75.73946,26.92007],[75.72486,26.9216],[75.70632,26.92424],[75.71527,26.92391],[75.72786,26.92115],[75.7452,26.92289],[75.76131,26.91918],[75.78231,26.9167],[75.80395,26.9241],[75.8118,26.93182],[75.81806,26.93405],[75.82461,26.93579],[75.83216,26.94408],[75.83859,26.95118],[75.84317,26.95967],[75.85765,26.98849],[75.87253,26.99195],[75.85126,26.97607],[75.84136,26.95831],[75.83738,26.94898],[75.82804,26.94031],[75.82246,26.9345],[75.81512,26.93302],[75.81032,26.92857],[75.79955,26.9226],[75.77418,26.91575],[75.77477,26.91236],[75.78338,26.90744],[75.8045,26.89601],[75.81198,26.89918],[75.80253,26.88673],[75.79644,26.86616],[75.78721,26.8547],[75.77939,26.85417],[75.77705,26.86624],[75.7755,26.87461],[75.76871,26.88933],[75.77474,26.90283],[75.78359,26.91081],[75.77082,26.90116],[75.76068,26.89347],[75.75307,26.88578],[75.74411,26.87957],[75.73031,26.89843],[75.72165,26.90194],[75.71815,26.91169],[75.71609,26.92163],[75.72588,26.92139],[75.74221,26.92133],[75.75446,26.92105],[75.77723,26.91612],[75.80105,26.91792],[75.80973,26.91627],[75.80252,26.91737],[75.77968,26.91644],[75.76045,26.91944],[75.74347,26.92225],[75.7275,26.92119],[75.74478,26.92281],[75.76069,26.91937],[75.77617,26.91091],[75.78659,26.90288],[75.80958,26.89602],[75.81974,26.90036],[75.82936,26.90866],[75.83504,26.92148],[75.83905,26.93667],[75.84009,26.94615],[75.83156,26.94353],[75.82455,26.9356],[75.81783,26.93398],[75.81142,26.92748],[75.80204,26.91943],[75.79402,26.90737],[75.78853,26.89134],[75.78302,26.88248],[75.77911,26.87428],[75.78519,26.88043],[75.79666,26.87744],[75.80208,26.88614],[75.80913,26.89546],[75.8181,26.9107],[75.81509,26.90647],[75.80599,26.89178],[75.80008,26.88218],[75.79463,26.86586],[75.77996,26.87167],[75.75039,26.87954],[75.73338,26.89512],[75.72235,26.90042],[75.7186,26.90954],[75.71672,26.91888],[75.70632,26.92424],[75.72486,26.9216],[75.73946,26.92007],[75.75412,26.9212],[75.77504,26.91583],[75.7976,26.92175],[75.80259,26.91402],[75.81447,26.90469],[75.80529,26.891],[75.79938,26.88071],[75.79437,26.85838],[75.7856,26.85411],[75.77697,26.84518],[75.76791,26.8395],[75.7736,26.84932],[75.77641,26.87345],[75.78282,26.8782],[75.79313,26.87859],[75.80231,26.88631],[75.8145,26.89911],[75.81699,26.89894]]}},{"type":"Feature","properties":{"route":"AC7"},"geometry":{"type":"LineString","coordinates":[[75.8067,26.88674],[75.80746,26.88566],[75.81176,26.88477],[75.81501,26.88401],[75.81958,26.87901],[75.82107,26.87257],[75.82243,26.86635],[75.82376,26.85865],[75.82439,26.85463],[75.82497,26.85098],[75.82773,26.84743],[75.83319,26.8398],[75.84674,26.82545],[75.84996,26.8189],[75.85456,26.81793],[75.85953,26.81597],[75.86289,26.81481],[75.8663,26.81413],[75.86542,26.81645],[75.86541,26.81839],[75.86408,26.81972],[75.86513,26.82425],[75.86597,26.82724],[75.8668,26.83097],[75.86681,26.83516],[75.87075,26.83612],[75.87073,26.84061],[75.87726,26.84266],[75.87992,26.84495],[75.88333,26.84586],[75.88602,26.84849],[75.891,26.8512],[75.89708,26.85232],[75.88988,26.85113],[75.88592,26.84844],[75.88267,26.84492],[75.87922,26.84495],[75.8768,26.84155],[75.87064,26.84057],[75.86554,26.83928],[75.86365,26.83914],[75.86162,26.83678],[75.85723,26.83585],[75.85301,26.83562],[75.8502,26.8333],[75.84973,26.83081],[75.84924,26.82801],[75.8466,26.8254],[75.83759,26.82402],[75.84093,26.82433],[75.84569,26.8268],[75.84369,26.8297],[75.84083,26.83222],[75.82823,26.84641],[75.82497,26.85098],[75.82439,26.85463],[75.82376,26.85865],[75.82251,26.86651],[75.82385,26.86831],[75.82467,26.87092],[75.82394,26.87293],[75.82168,26.87439],[75.81989,26.8777],[75.81597,26.88382],[75.8122,26.88468],[75.80889,26.88537],[75.80313,26.88651],[75.80208,26.88614],[75.80024,26.88576],[75.79692,26.88604],[75.79647,26.88348],[75.79836,26.88096],[75.79884,26.87925],[75.79733,26.87191],[75.79679,26.86773],[75.79631,26.86381],[75.79805,26.86221],[75.80113,26.86173],[75.80793,26.85571],[75.81129,26.85137],[75.81326,26.84883],[75.81676,26.84702],[75.81888,26.84484],[75.8201,26.84186],[75.82376,26.84028],[75.82602,26.83885],[75.82421,26.84007],[75.82019,26.84184],[75.82018,26.84312],[75.82103,26.84534],[75.82192,26.84736],[75.82468,26.85275],[75.82443,26.85504],[75.82298,26.86334],[75.82213,26.8695],[75.82298,26.87088],[75.8229,26.87226],[75.82283,26.87433],[75.82344,26.87708],[75.82212,26.87634],[75.82293,26.87403],[75.82292,26.8721],[75.82269,26.87074],[75.82238,26.86812],[75.82213,26.8695],[75.82071,26.87451],[75.8199,26.87804],[75.81266,26.88494],[75.81451,26.89209],[75.81498,26.89445],[75.81524,26.89899],[75.81312,26.90055],[75.81384,26.90398],[75.80841,26.90631],[75.80899,26.90738],[75.81379,26.90406],[75.81346,26.90125],[75.8145,26.89911],[75.81508,26.89484],[75.81439,26.89214],[75.81271,26.88516],[75.81969,26.87905],[75.82057,26.87514],[75.82183,26.87044],[75.82265,26.86547],[75.82494,26.85735],[75.82935,26.85671],[75.83459,26.8552],[75.83272,26.85525],[75.82872,26.85706],[75.82442,26.8577],[75.82256,26.86617],[75.82167,26.8709],[75.82053,26.87531],[75.81863,26.88335],[75.81359,26.88859],[75.81413,26.89214],[75.81304,26.89268],[75.81362,26.88873],[75.81571,26.88789],[75.81527,26.88582],[75.8199,26.87804],[75.82071,26.87451],[75.82213,26.8695],[75.82298,26.86334],[75.82624,26.8601],[75.82535,26.85977],[75.82247,26.86613],[75.80854,26.86767],[75.8056,26.86797],[75.80069,26.86879],[75.79968,26.87303],[75.79734,26.87827],[75.79609,26.88228],[75.79534,26.8851],[75.79401,26.88665],[75.79304,26.88796],[75.79207,26.88955],[75.7918,26.89099],[75.78935,26.89197],[75.78816,26.89392],[75.78736,26.89565],[75.78646,26.89841],[75.78779,26.90005],[75.7882,26.90161],[75.78779,26.90334],[75.78719,26.90629],[75.78927,26.90997],[75.78733,26.91235],[75.78543,26.91718],[75.78251,26.92154],[75.77997,26.92461],[75.77789,26.93056],[75.77828,26.93307],[75.7792,26.93154],[75.78208,26.93042],[75.78431,26.92905],[75.78503,26.92343],[75.78769,26.92027],[75.79003,26.91834],[75.79159,26.91222],[75.79494,26.91193],[75.7974,26.91091],[75.80224,26.9089],[75.80807,26.90646],[75.81379,26.90406],[75.81445,26.901],[75.81424,26.90393],[75.81526,26.90846],[75.81214,26.91353],[75.81051,26.91551],[75.80885,26.9164],[75.80639,26.91669],[75.80472,26.91696],[75.803,26.91725],[75.80021,26.91821],[75.79528,26.91986],[75.79268,26.92031],[75.78883,26.92032],[75.78985,26.91954],[75.78528,26.91714],[75.78161,26.91695],[75.78031,26.91942],[75.78041,26.91936],[75.7816,26.91669],[75.78565,26.91501],[75.7882,26.91137],[75.79044,26.90878],[75.79195,26.90078],[75.79352,26.89451],[75.79807,26.89317],[75.80039,26.89209]]}},{"type":"Feature","properties":{"route":"AC8"},"geometry":{"type":"LineString","coordinates":[[75.77463,26.92492],[75.77871,26.92561],[75.77798,26.93121],[75.77828,26.93307],[75.77397,26.93764],[75.77149,26.93784],[75.76774,26.93578],[75.76462,26.92934],[75.76357,26.92703],[75.76335,26.92467],[75.76559,26.92237],[75.76495,26.91963],[75.76614,26.91787],[75.77014,26.91562],[75.773,26.91571],[75.77722,26.91619],[75.77956,26.9165],[75.78231,26.91676],[75.78543,26.91718],[75.79267,26.9205],[75.79563,26.92124],[75.80023,26.92284],[75.80265,26.92359],[75.80523,26.92485],[75.8078,26.92578],[75.8094,26.92539],[75.81128,26.92457],[75.81326,26.92345],[75.81784,26.92252],[75.81433,26.92324],[75.81119,26.92391],[75.80992,26.92532],[75.80803,26.92612],[75.80592,26.92523],[75.80376,26.924],[75.80042,26.92286],[75.79704,26.92168],[75.79401,26.92068],[75.79188,26.91866],[75.78072,26.91655],[75.77635,26.916],[75.77355,26.91569],[75.77007,26.91559],[75.76611,26.9178],[75.76069,26.91937],[75.75435,26.9211],[75.75297,26.92146],[75.74867,26.92248],[75.74656,26.92278],[75.74478,26.92281],[75.74214,26.92139],[75.7364,26.92034],[75.73152,26.92082],[75.73007,26.92099],[75.7275,26.92119],[75.72525,26.92154],[75.72711,26.92123],[75.72981,26.92101],[75.73122,26.92086],[75.73494,26.92048],[75.74074,26.92035],[75.74347,26.92225],[75.74632,26.92277],[75.74851,26.9225],[75.75222,26.92167],[75.75421,26.92119],[75.76045,26.91944],[75.76533,26.91803],[75.76925,26.9167],[75.77301,26.91565],[75.77606,26.91596],[75.77968,26.91644],[75.7867,26.91739],[75.79267,26.9205],[75.79563,26.92124],[75.79807,26.9219],[75.80064,26.92272],[75.80316,26.9231],[75.80466,26.92207],[75.80656,26.92167],[75.80736,26.92184],[75.80512,26.92242],[75.80391,26.92257],[75.80227,26.92329],[75.79987,26.92247],[75.79716,26.92174],[75.7941,26.92071],[75.7919,26.91867],[75.78231,26.9167],[75.77723,26.91612],[75.77362,26.9157],[75.77115,26.91475],[75.76658,26.91766],[75.76119,26.91922],[75.75446,26.92105],[75.75311,26.92142],[75.74899,26.92242],[75.74709,26.92271],[75.7452,26.92289],[75.74221,26.92133],[75.73814,26.92018],[75.73235,26.92074],[75.73055,26.9209],[75.72786,26.92115],[75.72588,26.92139],[75.72347,26.92199],[75.71939,26.92297],[75.71862,26.92783],[75.71853,26.92639],[75.72159,26.92243],[75.72486,26.9216],[75.72647,26.9213],[75.72906,26.92107],[75.73099,26.92086],[75.73341,26.92054],[75.73512,26.92037],[75.73865,26.92005],[75.7408,26.92029],[75.74197,26.91891],[75.74354,26.91879],[75.74566,26.91882],[75.74792,26.91892],[75.74954,26.91749],[75.75008,26.91649],[75.74857,26.9155],[75.74584,26.91529],[75.74362,26.915],[75.74158,26.9149],[75.73769,26.91471],[75.7329,26.91555],[75.73002,26.91525],[75.72883,26.91528],[75.72609,26.91528],[75.72041,26.91524],[75.71457,26.91548],[75.7121,26.91574],[75.71094,26.91609],[75.70804,26.91639],[75.70443,26.917],[75.70185,26.91693],[75.70127,26.91315],[75.70127,26.91248],[75.70266,26.91],[75.70832,26.90963],[75.71284,26.90953],[75.71499,26.90951],[75.71549,26.9085],[75.71447,26.90555],[75.71337,26.90541],[75.71062,26.90437],[75.7098,26.90401],[75.70759,26.90566],[75.70887,26.90515],[75.71066,26.90394],[75.71303,26.90534],[75.71437,26.90553],[75.71623,26.90609],[75.71721,26.9075],[75.71743,26.90928],[75.7186,26.90954],[75.72039,26.90968],[75.72292,26.90996],[75.72409,26.91163],[75.72688,26.91153],[75.72923,26.91206],[75.73002,26.91525],[75.73052,26.92032],[75.73126,26.92147],[75.73297,26.92243],[75.73502,26.92239],[75.73675,26.92327],[75.73848,26.92314],[75.74087,26.92291],[75.74272,26.92394],[75.74524,26.92323],[75.74656,26.92278],[75.74867,26.92248],[75.75297,26.92146],[75.75435,26.9211],[75.76069,26.91937],[75.76611,26.9178],[75.77007,26.91559],[75.77355,26.91569],[75.77635,26.916],[75.78072,26.91655],[75.79188,26.91866],[75.79401,26.92068],[75.79716,26.92129],[75.7984,26.92074],[75.79768,26.92088],[75.78901,26.92017],[75.78901,26.92017],[75.79193,26.91874],[75.78272,26.91683],[75.78052,26.9166],[75.77794,26.91629],[75.7736,26.91578],[75.77115,26.91481],[75.76883,26.91696],[75.76321,26.91873],[75.75704,26.92044],[75.75412,26.9212],[75.75102,26.92198],[75.74811,26.92256],[75.74532,26.923],[75.74482,26.92328],[75.74343,26.92241],[75.73946,26.92007],[75.73674,26.92023],[75.73625,26.91748],[75.7329,26.91555],[75.73002,26.91525],[75.72923,26.91206],[75.72688,26.91153],[75.72409,26.91163],[75.72292,26.90996],[75.72039,26.90968],[75.7186,26.90954],[75.71691,26.90949],[75.71545,26.90949],[75.7147,26.90948],[75.71188,26.90955],[75.70273,26.90928],[75.6985,26.90901],[75.69673,26.90926],[75.69552,26.90767],[75.6944,26.90546],[75.69662,26.90493]]}}]}